date,id,slug,name,slug_badi_info,status,mode,msg,closed,max,occupancy_count,waiting_count
2020-06-23T16:34:59+02:00,220,c5ed7c44f09fcd,"Hallenbad Bungertwies",https://www.badi-info.ch/bungertwies.html,1,manual,"",1,97,0,0
2020-06-24T05:59:24+02:00,221,c5ed7c466505e4,"Hallenbad Leimbach",https://www.badi-info.ch/zh/leimbach-hallenbad.html,1,manual,"",0,120,0,0
2020-06-24T09:02:27+02:00,206,c5ed7c2a3c5fa5,"Freibad Auhof",https://www.badi-info.ch/auhof.html,1,manual,"",0,1929,66,0
2020-06-24T09:06:20+02:00,222,c5ed7c47e86f10,"Wärmebad Käferberg",https://www.badi-info.ch/kaeferberg.html,1,manual,"",0,70,8,0
2020-06-24T09:06:38+02:00,208,c5ed7c2d6c3cfb,"Freibad Hölzli",https://www.badi-info.ch/zh/oberengstringen-schwimmbad.html,1,manual,"",0,2200,70,0
2020-06-24T09:06:51+02:00,71,c5eb19118e5824,"Hallenbad City Zürich",https://www.badi-info.ch/city.html,1,manual,"",0,365,54,0
2020-06-24T09:07:00+02:00,210,c5ed7c34806fc3,"Hallenbad Oerlikon",https://www.badi-info.ch/oerlikon.html,1,manual,"",0,421,67,0
2020-06-24T09:07:13+02:00,218,c5ed7c41ae0016,"Freibad Wollishofen",https://www.badi-info.ch/wollishofen.html,1,manual,"",0,387,25,1
2020-06-24T09:08:20+02:00,205,c5ed7c28b7b192,"Freibad Allenmoos",https://www.badi-info.ch/Allenmoos.html,1,manual,"",0,4020,246,0
2020-06-24T09:09:06+02:00,238,c5eda072893782,"Flussbad Au-Höngg",https://www.badi-info.ch/au_hoengg.html,1,manual,"",0,814,133,0
2020-06-24T09:09:52+02:00,214,c5ed7c3b370597,"Frauenbad Stadthausquai",https://www.badi-info.ch/stadthausquai.html,1,manual,"",0,147,100,0
2020-06-24T09:10:10+02:00,219,c5ed7c43707dff,"Hallenbad Bläsi",https://www.badi-info.ch/blaesi.html,1,manual,"",0,101,44,0
2020-06-24T09:10:18+02:00,72,c5eb1917e9eedc,"Freibad Letzigraben",https://www.badi-info.ch/letzi.html,1,manual,"",0,2970,198,0
2020-06-24T09:10:52+02:00,217,c5ed7c4013bd69,"Seebad Utoquai",https://www.badi-info.ch/Utoquai.html,1,manual,"",0,231,84,-2
2020-06-24T09:11:02+02:00,215,c5ed7c3c97c5c1,"Freibad Tiefenbrunnen",https://www.badi-info.ch/Tiefenbrunnen.html,1,manual,"",0,2812,220,0
2020-06-24T09:11:09+02:00,207,c5ed7c2be2e1d1,"Freibad Heuried",https://www.badi-info.ch/heuried.html,1,manual,"",0,1760,187,2
2020-06-24T09:11:17+02:00,212,c5ed7c38a83d5e,"Flussbad Oberer Letten",https://www.badi-info.ch/oberer_letten.html,1,manual,"",0,299,114,0
2020-06-24T09:11:24+02:00,216,c5ed7c3ecaf50b,"Flussbad Unterer Letten",https://www.badi-info.ch/Unterer_letten.html,1,manual,"",0,701,177,0
2020-06-24T09:11:29+02:00,213,c5ed7c3a043ac0,"Freibad Seebach",https://www.badi-info.ch/seebach.html,1,manual,"",0,2100,144,-2
2020-06-24T09:11:33+02:00,209,c5ed7c330546ea,"Seebad Katzensee",https://www.badi-info.ch/katzensee.html,1,manual,"",0,880,166,1
2020-06-24T09:11:42+02:00,211,c5ed7c35d2691a,"Freibad Mythenquai",https://www.badi-info.ch/Mythenquai.html,1,manual,"",0,4009,486,0
2020-06-24T09:13:35+02:00,205,c5ed7c28b7b192,"Freibad Allenmoos",https://www.badi-info.ch/Allenmoos.html,1,manual,"",0,4020,247,0
2020-06-24T09:15:40+02:00,222,c5ed7c47e86f10,"Wärmebad Käferberg",https://www.badi-info.ch/kaeferberg.html,1,manual,"",0,70,9,0
2020-06-24T09:15:51+02:00,71,c5eb19118e5824,"Hallenbad City Zürich",https://www.badi-info.ch/city.html,1,manual,"",0,365,43,0
2020-06-24T09:17:52+02:00,72,c5eb1917e9eedc,"Freibad Letzigraben",https://www.badi-info.ch/letzi.html,1,manual,"",0,2970,180,0
2020-06-24T09:19:54+02:00,218,c5ed7c41ae0016,"Freibad Wollishofen",https://www.badi-info.ch/wollishofen.html,1,manual,"",0,387,29,1
2020-06-24T09:20:08+02:00,206,c5ed7c2a3c5fa5,"Freibad Auhof",https://www.badi-info.ch/auhof.html,1,manual,"",0,1929,71,0
2020-06-24T09:20:16+02:00,208,c5ed7c2d6c3cfb,"Freibad Hölzli",https://www.badi-info.ch/zh/oberengstringen-schwimmbad.html,1,manual,"",0,2200,75,0
2020-06-24T09:21:12+02:00,219,c5ed7c43707dff,"Hallenbad Bläsi",https://www.badi-info.ch/blaesi.html,1,manual,"",0,101,29,0
2020-06-24T09:21:22+02:00,211,c5ed7c35d2691a,"Freibad Mythenquai",https://www.badi-info.ch/Mythenquai.html,1,manual,"",0,4009,523,0
2020-06-24T09:22:29+02:00,214,c5ed7c3b370597,"Frauenbad Stadthausquai",https://www.badi-info.ch/stadthausquai.html,1,manual,"",0,147,105,0
2020-06-24T09:23:03+02:00,217,c5ed7c4013bd69,"Seebad Utoquai",https://www.badi-info.ch/Utoquai.html,1,manual,"",0,231,146,-2
2020-06-24T09:23:15+02:00,212,c5ed7c38a83d5e,"Flussbad Oberer Letten",https://www.badi-info.ch/oberer_letten.html,1,manual,"",0,299,123,0
2020-06-24T09:23:40+02:00,210,c5ed7c34806fc3,"Hallenbad Oerlikon",https://www.badi-info.ch/oerlikon.html,1,manual,"",0,421,58,0
2020-06-24T09:23:47+02:00,215,c5ed7c3c97c5c1,"Freibad Tiefenbrunnen",https://www.badi-info.ch/Tiefenbrunnen.html,1,manual,"",0,2812,244,0
2020-06-24T09:23:48+02:00,216,c5ed7c3ecaf50b,"Flussbad Unterer Letten",https://www.badi-info.ch/Unterer_letten.html,1,manual,"",0,701,185,0
2020-06-24T09:23:48+02:00,207,c5ed7c2be2e1d1,"Freibad Heuried",https://www.badi-info.ch/heuried.html,1,manual,"",0,1760,206,2
2020-06-24T09:23:57+02:00,238,c5eda072893782,"Flussbad Au-Höngg",https://www.badi-info.ch/au_hoengg.html,1,manual,"",0,814,153,0
2020-06-24T09:23:58+02:00,209,c5ed7c330546ea,"Seebad Katzensee",https://www.badi-info.ch/katzensee.html,1,manual,"",0,880,174,1
2020-06-24T09:23:59+02:00,213,c5ed7c3a043ac0,"Freibad Seebach",https://www.badi-info.ch/seebach.html,1,manual,"",0,2100,154,-2
2020-06-24T09:26:55+02:00,219,c5ed7c43707dff,"Hallenbad Bläsi",https://www.badi-info.ch/blaesi.html,1,manual,"",0,101,28,0
2020-06-24T09:30:38+02:00,208,c5ed7c2d6c3cfb,"Freibad Hölzli",https://www.badi-info.ch/zh/oberengstringen-schwimmbad.html,1,manual,"",0,2200,77,0
2020-06-24T09:31:56+02:00,72,c5eb1917e9eedc,"Freibad Letzigraben",https://www.badi-info.ch/letzi.html,1,manual,"",0,2970,183,0
2020-06-24T09:32:37+02:00,213,c5ed7c3a043ac0,"Freibad Seebach",https://www.badi-info.ch/seebach.html,1,manual,"",0,2100,159,-2
2020-06-24T09:33:05+02:00,205,c5ed7c28b7b192,"Freibad Allenmoos",https://www.badi-info.ch/Allenmoos.html,1,manual,"",0,4020,265,0
2020-06-24T09:33:33+02:00,214,c5ed7c3b370597,"Frauenbad Stadthausquai",https://www.badi-info.ch/stadthausquai.html,1,manual,"",0,147,120,0
2020-06-24T09:33:44+02:00,207,c5ed7c2be2e1d1,"Freibad Heuried",https://www.badi-info.ch/heuried.html,1,manual,"",0,1760,226,2
2020-06-24T09:33:58+02:00,238,c5eda072893782,"Flussbad Au-Höngg",https://www.badi-info.ch/au_hoengg.html,1,manual,"",0,814,160,0
2020-06-24T09:34:04+02:00,211,c5ed7c35d2691a,"Freibad Mythenquai",https://www.badi-info.ch/Mythenquai.html,1,manual,"",0,4009,576,0
2020-06-24T09:34:07+02:00,71,c5eb19118e5824,"Hallenbad City Zürich",https://www.badi-info.ch/city.html,1,manual,"",0,365,37,0
2020-06-24T09:34:14+02:00,222,c5ed7c47e86f10,"Wärmebad Käferberg",https://www.badi-info.ch/kaeferberg.html,1,manual,"",0,70,12,0
2020-06-24T09:34:22+02:00,212,c5ed7c38a83d5e,"Flussbad Oberer Letten",https://www.badi-info.ch/oberer_letten.html,1,manual,"",0,299,118,0
2020-06-24T09:34:28+02:00,215,c5ed7c3c97c5c1,"Freibad Tiefenbrunnen",https://www.badi-info.ch/Tiefenbrunnen.html,1,manual,"",0,2812,263,0
2020-06-24T09:34:29+02:00,210,c5ed7c34806fc3,"Hallenbad Oerlikon",https://www.badi-info.ch/oerlikon.html,1,manual,"",0,421,60,0
2020-06-24T09:34:32+02:00,217,c5ed7c4013bd69,"Seebad Utoquai",https://www.badi-info.ch/Utoquai.html,1,manual,"",0,231,145,-2
2020-06-24T09:34:34+02:00,206,c5ed7c2a3c5fa5,"Freibad Auhof",https://www.badi-info.ch/auhof.html,1,manual,"",0,1929,76,0
2020-06-24T09:34:37+02:00,216,c5ed7c3ecaf50b,"Flussbad Unterer Letten",https://www.badi-info.ch/Unterer_letten.html,1,manual,"",0,701,186,0
2020-06-24T09:34:41+02:00,218,c5ed7c41ae0016,"Freibad Wollishofen",https://www.badi-info.ch/wollishofen.html,1,manual,"",0,387,32,1
2020-06-24T09:34:43+02:00,209,c5ed7c330546ea,"Seebad Katzensee",https://www.badi-info.ch/katzensee.html,1,manual,"",0,880,181,1
2020-06-24T09:39:02+02:00,208,c5ed7c2d6c3cfb,"Freibad Hölzli",https://www.badi-info.ch/zh/oberengstringen-schwimmbad.html,1,manual,"",0,2200,79,0
2020-06-24T09:40:40+02:00,213,c5ed7c3a043ac0,"Freibad Seebach",https://www.badi-info.ch/seebach.html,1,manual,"",0,2100,164,-2
2020-06-24T09:42:02+02:00,215,c5ed7c3c97c5c1,"Freibad Tiefenbrunnen",https://www.badi-info.ch/Tiefenbrunnen.html,1,manual,"",0,2812,260,0
2020-06-24T09:42:10+02:00,219,c5ed7c43707dff,"Hallenbad Bläsi",https://www.badi-info.ch/blaesi.html,1,manual,"",0,101,30,0
2020-06-24T09:42:27+02:00,222,c5ed7c47e86f10,"Wärmebad Käferberg",https://www.badi-info.ch/kaeferberg.html,1,manual,"",0,70,14,0
2020-06-24T09:42:38+02:00,72,c5eb1917e9eedc,"Freibad Letzigraben",https://www.badi-info.ch/letzi.html,1,manual,"",0,2970,195,0
2020-06-24T09:43:40+02:00,210,c5ed7c34806fc3,"Hallenbad Oerlikon",https://www.badi-info.ch/oerlikon.html,1,manual,"",0,421,61,0
2020-06-24T09:43:53+02:00,206,c5ed7c2a3c5fa5,"Freibad Auhof",https://www.badi-info.ch/auhof.html,1,manual,"",0,1929,79,0
2020-06-24T09:43:55+02:00,71,c5eb19118e5824,"Hallenbad City Zürich",https://www.badi-info.ch/city.html,1,manual,"",0,365,42,0
2020-06-24T09:44:02+02:00,238,c5eda072893782,"Flussbad Au-Höngg",https://www.badi-info.ch/au_hoengg.html,1,manual,"",0,814,166,0
2020-06-24T09:44:05+02:00,211,c5ed7c35d2691a,"Freibad Mythenquai",https://www.badi-info.ch/Mythenquai.html,1,manual,"",0,4009,619,0
2020-06-24T09:44:08+02:00,212,c5ed7c38a83d5e,"Flussbad Oberer Letten",https://www.badi-info.ch/oberer_letten.html,1,manual,"",0,299,129,0
2020-06-24T09:44:09+02:00,207,c5ed7c2be2e1d1,"Freibad Heuried",https://www.badi-info.ch/heuried.html,1,manual,"",0,1760,255,2
2020-06-24T09:44:13+02:00,216,c5ed7c3ecaf50b,"Flussbad Unterer Letten",https://www.badi-info.ch/Unterer_letten.html,1,manual,"",0,701,197,0
2020-06-24T09:44:14+02:00,205,c5ed7c28b7b192,"Freibad Allenmoos",https://www.badi-info.ch/Allenmoos.html,1,manual,"",0,4020,290,0
2020-06-24T09:44:17+02:00,209,c5ed7c330546ea,"Seebad Katzensee",https://www.badi-info.ch/katzensee.html,1,manual,"",0,880,185,1
2020-06-24T09:44:17+02:00,217,c5ed7c4013bd69,"Seebad Utoquai",https://www.badi-info.ch/Utoquai.html,1,manual,"",0,231,162,-2
2020-06-24T09:44:18+02:00,214,c5ed7c3b370597,"Frauenbad Stadthausquai",https://www.badi-info.ch/stadthausquai.html,1,manual,"",0,147,127,0
2020-06-24T09:49:06+02:00,213,c5ed7c3a043ac0,"Freibad Seebach",https://www.badi-info.ch/seebach.html,1,manual,"",0,2100,168,-2
2020-06-24T09:50:01+02:00,71,c5eb19118e5824,"Hallenbad City Zürich",https://www.badi-info.ch/city.html,1,manual,"",0,365,55,0
2020-06-24T09:50:09+02:00,206,c5ed7c2a3c5fa5,"Freibad Auhof",https://www.badi-info.ch/auhof.html,1,manual,"",0,1929,80,0
2020-06-24T09:50:14+02:00,208,c5ed7c2d6c3cfb,"Freibad Hölzli",https://www.badi-info.ch/zh/oberengstringen-schwimmbad.html,1,manual,"",0,2200,80,0
2020-06-24T09:51:39+02:00,219,c5ed7c43707dff,"Hallenbad Bläsi",https://www.badi-info.ch/blaesi.html,1,manual,"",0,101,30,0
2020-06-24T09:51:59+02:00,207,c5ed7c2be2e1d1,"Freibad Heuried",https://www.badi-info.ch/heuried.html,1,manual,"",0,1760,271,2
2020-06-24T09:52:32+02:00,72,c5eb1917e9eedc,"Freibad Letzigraben",https://www.badi-info.ch/letzi.html,1,manual,"",0,2970,200,0
2020-06-24T09:53:12+02:00,215,c5ed7c3c97c5c1,"Freibad Tiefenbrunnen",https://www.badi-info.ch/Tiefenbrunnen.html,1,manual,"",0,2812,275,0
2020-06-24T09:53:18+02:00,217,c5ed7c4013bd69,"Seebad Utoquai",https://www.badi-info.ch/Utoquai.html,1,manual,"",0,231,170,-2
2020-06-24T09:53:35+02:00,238,c5eda072893782,"Flussbad Au-Höngg",https://www.badi-info.ch/au_hoengg.html,1,manual,"",0,814,179,0
2020-06-24T09:53:51+02:00,205,c5ed7c28b7b192,"Freibad Allenmoos",https://www.badi-info.ch/Allenmoos.html,1,manual,"",0,4020,310,0
2020-06-24T09:53:52+02:00,218,c5ed7c41ae0016,"Freibad Wollishofen",https://www.badi-info.ch/wollishofen.html,1,manual,"",0,387,35,1
2020-06-24T09:53:56+02:00,212,c5ed7c38a83d5e,"Flussbad Oberer Letten",https://www.badi-info.ch/oberer_letten.html,1,manual,"",0,299,146,0
2020-06-24T09:53:57+02:00,210,c5ed7c34806fc3,"Hallenbad Oerlikon",https://www.badi-info.ch/oerlikon.html,1,manual,"",0,421,62,0
2020-06-24T09:54:03+02:00,214,c5ed7c3b370597,"Frauenbad Stadthausquai",https://www.badi-info.ch/stadthausquai.html,1,manual,"",0,147,133,0
2020-06-24T09:54:07+02:00,216,c5ed7c3ecaf50b,"Flussbad Unterer Letten",https://www.badi-info.ch/Unterer_letten.html,1,manual,"",0,701,208,0
2020-06-24T09:54:19+02:00,211,c5ed7c35d2691a,"Freibad Mythenquai",https://www.badi-info.ch/Mythenquai.html,1,manual,"",0,4009,689,0
2020-06-24T09:54:27+02:00,209,c5ed7c330546ea,"Seebad Katzensee",https://www.badi-info.ch/katzensee.html,1,manual,"",0,880,199,1
2020-06-24T09:58:24+02:00,218,c5ed7c41ae0016,"Freibad Wollishofen",https://www.badi-info.ch/wollishofen.html,1,manual,"",0,387,39,1
2020-06-24T10:03:44+02:00,222,c5ed7c47e86f10,"Wärmebad Käferberg",https://www.badi-info.ch/kaeferberg.html,1,manual,"",0,70,14,0
2020-06-24T10:06:09+02:00,210,c5ed7c34806fc3,"Hallenbad Oerlikon",https://www.badi-info.ch/oerlikon.html,1,manual,"",0,421,49,0
2020-06-24T10:06:18+02:00,219,c5ed7c43707dff,"Hallenbad Bläsi",https://www.badi-info.ch/blaesi.html,1,manual,"",0,101,32,0
2020-06-24T10:06:42+02:00,71,c5eb19118e5824,"Hallenbad City Zürich",https://www.badi-info.ch/city.html,1,manual,"",0,365,58,0
2020-06-24T10:06:48+02:00,205,c5ed7c28b7b192,"Freibad Allenmoos",https://www.badi-info.ch/Allenmoos.html,1,manual,"",0,4020,339,0
2020-06-24T10:07:17+02:00,238,c5eda072893782,"Flussbad Au-Höngg",https://www.badi-info.ch/au_hoengg.html,1,manual,"",0,814,195,0
2020-06-24T10:07:40+02:00,220,c5ed7c44f09fcd,"Hallenbad Bungertwies",https://www.badi-info.ch/bungertwies.html,1,manual,"",0,97,8,0
2020-06-24T10:07:44+02:00,214,c5ed7c3b370597,"Frauenbad Stadthausquai",https://www.badi-info.ch/stadthausquai.html,1,manual,"",0,147,142,0
2020-06-24T10:07:52+02:00,221,c5ed7c466505e4,"Hallenbad Leimbach",https://www.badi-info.ch/zh/leimbach-hallenbad.html,1,manual,"",0,120,8,0
2020-06-24T10:08:07+02:00,213,c5ed7c3a043ac0,"Freibad Seebach",https://www.badi-info.ch/seebach.html,1,manual,"",0,2100,187,-2
2020-06-24T10:08:08+02:00,215,c5ed7c3c97c5c1,"Freibad Tiefenbrunnen",https://www.badi-info.ch/Tiefenbrunnen.html,1,manual,"",0,2812,317,0
2020-06-24T10:08:25+02:00,216,c5ed7c3ecaf50b,"Flussbad Unterer Letten",https://www.badi-info.ch/Unterer_letten.html,1,manual,"",0,701,243,0
2020-06-24T10:08:33+02:00,209,c5ed7c330546ea,"Seebad Katzensee",https://www.badi-info.ch/katzensee.html,1,manual,"",0,880,213,2
2020-06-24T10:08:40+02:00,208,c5ed7c2d6c3cfb,"Freibad Hölzli",https://www.badi-info.ch/zh/oberengstringen-schwimmbad.html,1,manual,"",0,2200,66,0
2020-06-24T10:08:41+02:00,212,c5ed7c38a83d5e,"Flussbad Oberer Letten",https://www.badi-info.ch/oberer_letten.html,1,manual,"",0,299,180,0
2020-06-24T10:08:51+02:00,206,c5ed7c2a3c5fa5,"Freibad Auhof",https://www.badi-info.ch/auhof.html,1,manual,"",0,1929,92,0
2020-06-24T10:08:54+02:00,72,c5eb1917e9eedc,"Freibad Letzigraben",https://www.badi-info.ch/letzi.html,1,manual,"",0,2970,209,0
2020-06-24T10:08:57+02:00,211,c5ed7c35d2691a,"Freibad Mythenquai",https://www.badi-info.ch/Mythenquai.html,1,manual,"",0,4009,809,0
2020-06-24T10:08:57+02:00,217,c5ed7c4013bd69,"Seebad Utoquai",https://www.badi-info.ch/Utoquai.html,1,manual,"",0,231,198,-2
2020-06-24T10:08:58+02:00,207,c5ed7c2be2e1d1,"Freibad Heuried",https://www.badi-info.ch/heuried.html,1,manual,"",0,1760,298,2
2020-06-24T10:13:54+02:00,208,c5ed7c2d6c3cfb,"Freibad Hölzli",https://www.badi-info.ch/zh/oberengstringen-schwimmbad.html,1,manual,"",0,2200,82,0
2020-06-24T10:14:12+02:00,221,c5ed7c466505e4,"Hallenbad Leimbach",https://www.badi-info.ch/zh/leimbach-hallenbad.html,1,manual,"",0,120,10,0
2020-06-24T10:14:44+02:00,219,c5ed7c43707dff,"Hallenbad Bläsi",https://www.badi-info.ch/blaesi.html,1,manual,"",0,101,12,0
2020-06-24T10:14:47+02:00,72,c5eb1917e9eedc,"Freibad Letzigraben",https://www.badi-info.ch/letzi.html,1,manual,"",0,2970,237,0
2020-06-24T10:15:01+02:00,210,c5ed7c34806fc3,"Hallenbad Oerlikon",https://www.badi-info.ch/oerlikon.html,1,manual,"",0,421,50,0
2020-06-24T10:15:06+02:00,213,c5ed7c3a043ac0,"Freibad Seebach",https://www.badi-info.ch/seebach.html,1,manual,"",0,2100,202,-2
2020-06-24T10:15:26+02:00,217,c5ed7c4013bd69,"Seebad Utoquai",https://www.badi-info.ch/Utoquai.html,1,manual,"",0,231,207,-2
2020-06-24T10:15:58+02:00,238,c5eda072893782,"Flussbad Au-Höngg",https://www.badi-info.ch/au_hoengg.html,1,manual,"",0,814,161,0
2020-06-24T10:16:12+02:00,215,c5ed7c3c97c5c1,"Freibad Tiefenbrunnen",https://www.badi-info.ch/Tiefenbrunnen.html,1,manual,"",0,2812,339,0
2020-06-24T10:16:19+02:00,206,c5ed7c2a3c5fa5,"Freibad Auhof",https://www.badi-info.ch/auhof.html,1,manual,"",0,1929,102,0
2020-06-24T10:16:20+02:00,205,c5ed7c28b7b192,"Freibad Allenmoos",https://www.badi-info.ch/Allenmoos.html,1,manual,"",0,4020,350,0
2020-06-24T10:16:25+02:00,71,c5eb19118e5824,"Hallenbad City Zürich",https://www.badi-info.ch/city.html,1,manual,"",0,365,63,0
2020-06-24T10:16:35+02:00,212,c5ed7c38a83d5e,"Flussbad Oberer Letten",https://www.badi-info.ch/oberer_letten.html,1,manual,"",0,299,190,0
2020-06-24T10:16:36+02:00,209,c5ed7c330546ea,"Seebad Katzensee",https://www.badi-info.ch/katzensee.html,1,manual,"",0,880,233,2
2020-06-24T10:16:43+02:00,207,c5ed7c2be2e1d1,"Freibad Heuried",https://www.badi-info.ch/heuried.html,1,manual,"",0,1760,342,2
2020-06-24T10:16:59+02:00,216,c5ed7c3ecaf50b,"Flussbad Unterer Letten",https://www.badi-info.ch/Unterer_letten.html,1,manual,"",0,701,270,0
2020-06-24T10:17:00+02:00,214,c5ed7c3b370597,"Frauenbad Stadthausquai",https://www.badi-info.ch/stadthausquai.html,1,manual,"",0,147,144,0
2020-06-24T10:17:01+02:00,211,c5ed7c35d2691a,"Freibad Mythenquai",https://www.badi-info.ch/Mythenquai.html,1,manual,"",0,4009,883,0
2020-06-24T10:17:01+02:00,222,c5ed7c47e86f10,"Wärmebad Käferberg",https://www.badi-info.ch/kaeferberg.html,1,manual,"",0,70,14,0
2020-06-24T10:17:43+02:00,219,c5ed7c43707dff,"Hallenbad Bläsi",https://www.badi-info.ch/blaesi.html,1,manual,"",0,101,13,0
2020-06-24T10:19:46+02:00,72,c5eb1917e9eedc,"Freibad Letzigraben",https://www.badi-info.ch/letzi.html,1,manual,"",0,2970,248,0
2020-06-24T10:20:51+02:00,221,c5ed7c466505e4,"Hallenbad Leimbach",https://www.badi-info.ch/zh/leimbach-hallenbad.html,1,manual,"",0,120,19,0
2020-06-24T10:21:22+02:00,205,c5ed7c28b7b192,"Freibad Allenmoos",https://www.badi-info.ch/Allenmoos.html,1,manual,"",0,4020,358,0
2020-06-24T10:21:22+02:00,71,c5eb19118e5824,"Hallenbad City Zürich",https://www.badi-info.ch/city.html,1,manual,"",0,365,65,0
2020-06-24T10:21:35+02:00,214,c5ed7c3b370597,"Frauenbad Stadthausquai",https://www.badi-info.ch/stadthausquai.html,1,manual,"",0,147,147,0
2020-06-24T10:22:42+02:00,207,c5ed7c2be2e1d1,"Freibad Heuried",https://www.badi-info.ch/heuried.html,1,manual,"",0,1760,360,2
2020-06-24T10:22:49+02:00,206,c5ed7c2a3c5fa5,"Freibad Auhof",https://www.badi-info.ch/auhof.html,1,manual,"",0,1929,107,0
2020-06-24T10:23:11+02:00,238,c5eda072893782,"Flussbad Au-Höngg",https://www.badi-info.ch/au_hoengg.html,1,manual,"",0,814,163,0
2020-06-24T10:23:12+02:00,222,c5ed7c47e86f10,"Wärmebad Käferberg",https://www.badi-info.ch/kaeferberg.html,1,manual,"",0,70,11,0
2020-06-24T10:23:41+02:00,211,c5ed7c35d2691a,"Freibad Mythenquai",https://www.badi-info.ch/Mythenquai.html,1,manual,"",0,4009,969,0
2020-06-24T10:23:47+02:00,210,c5ed7c34806fc3,"Hallenbad Oerlikon",https://www.badi-info.ch/oerlikon.html,1,manual,"",0,421,54,0
2020-06-24T10:23:55+02:00,215,c5ed7c3c97c5c1,"Freibad Tiefenbrunnen",https://www.badi-info.ch/Tiefenbrunnen.html,1,manual,"",0,2812,359,0
2020-06-24T10:23:58+02:00,213,c5ed7c3a043ac0,"Freibad Seebach",https://www.badi-info.ch/seebach.html,1,manual,"",0,2100,210,-2
2020-06-24T10:24:01+02:00,217,c5ed7c4013bd69,"Seebad Utoquai",https://www.badi-info.ch/Utoquai.html,1,manual,"",0,231,208,-2
2020-06-24T10:24:02+02:00,208,c5ed7c2d6c3cfb,"Freibad Hölzli",https://www.badi-info.ch/zh/oberengstringen-schwimmbad.html,1,manual,"",0,2200,109,0
2020-06-24T10:24:06+02:00,216,c5ed7c3ecaf50b,"Flussbad Unterer Letten",https://www.badi-info.ch/Unterer_letten.html,1,manual,"",0,701,317,0
2020-06-24T10:24:07+02:00,212,c5ed7c38a83d5e,"Flussbad Oberer Letten",https://www.badi-info.ch/oberer_letten.html,1,manual,"",0,299,205,0
2020-06-24T10:24:14+02:00,209,c5ed7c330546ea,"Seebad Katzensee",https://www.badi-info.ch/katzensee.html,1,manual,"",0,880,258,2
2020-06-24T10:24:25+02:00,214,c5ed7c3b370597,"Frauenbad Stadthausquai",https://www.badi-info.ch/stadthausquai.html,1,manual,"",0,147,146,20
2020-06-24T10:26:30+02:00,220,c5ed7c44f09fcd,"Hallenbad Bungertwies",https://www.badi-info.ch/bungertwies.html,1,manual,"",0,97,9,0
2020-06-24T10:27:18+02:00,208,c5ed7c2d6c3cfb,"Freibad Hölzli",https://www.badi-info.ch/zh/oberengstringen-schwimmbad.html,1,manual,"",0,2200,124,0
2020-06-24T10:28:29+02:00,207,c5ed7c2be2e1d1,"Freibad Heuried",https://www.badi-info.ch/heuried.html,1,manual,"",0,1760,362,2
2020-06-24T10:29:41+02:00,221,c5ed7c466505e4,"Hallenbad Leimbach",https://www.badi-info.ch/zh/leimbach-hallenbad.html,1,manual,"",0,120,20,0
2020-06-24T10:30:22+02:00,205,c5ed7c28b7b192,"Freibad Allenmoos",https://www.badi-info.ch/Allenmoos.html,1,manual,"",0,4020,381,0
2020-06-24T10:31:19+02:00,210,c5ed7c34806fc3,"Hallenbad Oerlikon",https://www.badi-info.ch/oerlikon.html,1,manual,"",0,421,51,0
2020-06-24T10:31:22+02:00,222,c5ed7c47e86f10,"Wärmebad Käferberg",https://www.badi-info.ch/kaeferberg.html,1,manual,"",0,70,11,0
2020-06-24T10:32:10+02:00,238,c5eda072893782,"Flussbad Au-Höngg",https://www.badi-info.ch/au_hoengg.html,1,manual,"",0,814,170,0
2020-06-24T10:32:30+02:00,219,c5ed7c43707dff,"Hallenbad Bläsi",https://www.badi-info.ch/blaesi.html,1,manual,"",0,101,15,0
2020-06-24T10:32:35+02:00,218,c5ed7c41ae0016,"Freibad Wollishofen",https://www.badi-info.ch/wollishofen.html,1,manual,"",0,387,86,1
2020-06-24T10:33:05+02:00,71,c5eb19118e5824,"Hallenbad City Zürich",https://www.badi-info.ch/city.html,1,manual,"",0,365,69,0
2020-06-24T10:33:14+02:00,211,c5ed7c35d2691a,"Freibad Mythenquai",https://www.badi-info.ch/Mythenquai.html,1,manual,"",0,4009,1021,0
2020-06-24T10:33:23+02:00,206,c5ed7c2a3c5fa5,"Freibad Auhof",https://www.badi-info.ch/auhof.html,1,manual,"",0,1929,126,0
2020-06-24T10:33:40+02:00,216,c5ed7c3ecaf50b,"Flussbad Unterer Letten",https://www.badi-info.ch/Unterer_letten.html,1,manual,"",0,701,385,0
2020-06-24T10:33:56+02:00,217,c5ed7c4013bd69,"Seebad Utoquai",https://www.badi-info.ch/Utoquai.html,1,manual,"",0,231,211,-2
2020-06-24T10:33:59+02:00,215,c5ed7c3c97c5c1,"Freibad Tiefenbrunnen",https://www.badi-info.ch/Tiefenbrunnen.html,1,manual,"",0,2812,399,0
2020-06-24T10:34:00+02:00,212,c5ed7c38a83d5e,"Flussbad Oberer Letten",https://www.badi-info.ch/oberer_letten.html,1,manual,"",0,299,230,0
2020-06-24T10:34:04+02:00,213,c5ed7c3a043ac0,"Freibad Seebach",https://www.badi-info.ch/seebach.html,1,manual,"",0,2100,235,-2
2020-06-24T10:34:08+02:00,209,c5ed7c330546ea,"Seebad Katzensee",https://www.badi-info.ch/katzensee.html,1,manual,"",0,880,297,2
2020-06-24T10:39:16+02:00,218,c5ed7c41ae0016,"Freibad Wollishofen",https://www.badi-info.ch/wollishofen.html,1,manual,"",0,387,86,1
2020-06-24T10:39:21+02:00,207,c5ed7c2be2e1d1,"Freibad Heuried",https://www.badi-info.ch/heuried.html,1,manual,"",0,1760,369,2
2020-06-24T10:41:29+02:00,219,c5ed7c43707dff,"Hallenbad Bläsi",https://www.badi-info.ch/blaesi.html,1,manual,"",0,101,14,0
2020-06-24T10:42:45+02:00,71,c5eb19118e5824,"Hallenbad City Zürich",https://www.badi-info.ch/city.html,1,manual,"",0,365,71,0
2020-06-24T10:42:50+02:00,72,c5eb1917e9eedc,"Freibad Letzigraben",https://www.badi-info.ch/letzi.html,1,manual,"",0,2970,271,0
2020-06-24T10:43:31+02:00,206,c5ed7c2a3c5fa5,"Freibad Auhof",https://www.badi-info.ch/auhof.html,1,manual,"",0,1929,137,0
2020-06-24T10:44:13+02:00,222,c5ed7c47e86f10,"Wärmebad Käferberg",https://www.badi-info.ch/kaeferberg.html,1,manual,"",0,70,11,0
2020-06-24T10:44:15+02:00,210,c5ed7c34806fc3,"Hallenbad Oerlikon",https://www.badi-info.ch/oerlikon.html,1,manual,"",0,421,50,0
2020-06-24T10:44:15+02:00,217,c5ed7c4013bd69,"Seebad Utoquai",https://www.badi-info.ch/Utoquai.html,1,manual,"",0,231,215,-2
2020-06-24T10:44:38+02:00,238,c5eda072893782,"Flussbad Au-Höngg",https://www.badi-info.ch/au_hoengg.html,1,manual,"",0,814,252,0
2020-06-24T10:44:40+02:00,215,c5ed7c3c97c5c1,"Freibad Tiefenbrunnen",https://www.badi-info.ch/Tiefenbrunnen.html,1,manual,"",0,2812,423,0
2020-06-24T10:44:52+02:00,205,c5ed7c28b7b192,"Freibad Allenmoos",https://www.badi-info.ch/Allenmoos.html,1,manual,"",0,4020,444,0
2020-06-24T10:44:59+02:00,211,c5ed7c35d2691a,"Freibad Mythenquai",https://www.badi-info.ch/Mythenquai.html,1,manual,"",0,4009,1070,0
2020-06-24T10:45:02+02:00,212,c5ed7c38a83d5e,"Flussbad Oberer Letten",https://www.badi-info.ch/oberer_letten.html,1,manual,"",0,299,248,0
2020-06-24T10:45:02+02:00,208,c5ed7c2d6c3cfb,"Freibad Hölzli",https://www.badi-info.ch/zh/oberengstringen-schwimmbad.html,1,manual,"",0,2200,143,0
2020-06-24T10:45:05+02:00,213,c5ed7c3a043ac0,"Freibad Seebach",https://www.badi-info.ch/seebach.html,1,manual,"",0,2100,263,-2
2020-06-24T10:45:06+02:00,216,c5ed7c3ecaf50b,"Flussbad Unterer Letten",https://www.badi-info.ch/Unterer_letten.html,1,manual,"",0,701,409,0
2020-06-24T10:45:11+02:00,209,c5ed7c330546ea,"Seebad Katzensee",https://www.badi-info.ch/katzensee.html,1,manual,"",0,880,317,0
2020-06-24T10:48:08+02:00,72,c5eb1917e9eedc,"Freibad Letzigraben",https://www.badi-info.ch/letzi.html,1,manual,"",0,2970,275,0
2020-06-24T10:48:52+02:00,214,c5ed7c3b370597,"Frauenbad Stadthausquai",https://www.badi-info.ch/stadthausquai.html,1,manual,"",0,147,147,19
2020-06-24T10:49:22+02:00,217,c5ed7c4013bd69,"Seebad Utoquai",https://www.badi-info.ch/Utoquai.html,1,manual,"",0,231,216,-2
2020-06-24T10:50:45+02:00,205,c5ed7c28b7b192,"Freibad Allenmoos",https://www.badi-info.ch/Allenmoos.html,1,manual,"",0,4020,482,0
2020-06-24T10:51:17+02:00,220,c5ed7c44f09fcd,"Hallenbad Bungertwies",https://www.badi-info.ch/bungertwies.html,1,manual,"",0,97,8,0
2020-06-24T10:52:03+02:00,210,c5ed7c34806fc3,"Hallenbad Oerlikon",https://www.badi-info.ch/oerlikon.html,1,manual,"",0,421,53,0
2020-06-24T10:52:27+02:00,208,c5ed7c2d6c3cfb,"Freibad Hölzli",https://www.badi-info.ch/zh/oberengstringen-schwimmbad.html,1,manual,"",0,2200,170,0
2020-06-24T10:52:54+02:00,206,c5ed7c2a3c5fa5,"Freibad Auhof",https://www.badi-info.ch/auhof.html,1,manual,"",0,1929,151,0
2020-06-24T10:53:10+02:00,71,c5eb19118e5824,"Hallenbad City Zürich",https://www.badi-info.ch/city.html,1,manual,"",0,365,72,0
2020-06-24T10:53:13+02:00,222,c5ed7c47e86f10,"Wärmebad Käferberg",https://www.badi-info.ch/kaeferberg.html,1,manual,"",0,70,13,0
2020-06-24T10:53:35+02:00,209,c5ed7c330546ea,"Seebad Katzensee",https://www.badi-info.ch/katzensee.html,1,manual,"",0,880,335,0
2020-06-24T10:53:45+02:00,218,c5ed7c41ae0016,"Freibad Wollishofen",https://www.badi-info.ch/wollishofen.html,1,manual,"",0,387,90,1
2020-06-24T10:53:50+02:00,213,c5ed7c3a043ac0,"Freibad Seebach",https://www.badi-info.ch/seebach.html,1,manual,"",0,2100,305,-2
2020-06-24T10:53:56+02:00,215,c5ed7c3c97c5c1,"Freibad Tiefenbrunnen",https://www.badi-info.ch/Tiefenbrunnen.html,1,manual,"",0,2812,457,0
2020-06-24T10:54:07+02:00,212,c5ed7c38a83d5e,"Flussbad Oberer Letten",https://www.badi-info.ch/oberer_letten.html,1,manual,"",0,299,254,0
2020-06-24T10:54:16+02:00,238,c5eda072893782,"Flussbad Au-Höngg",https://www.badi-info.ch/au_hoengg.html,1,manual,"",0,814,263,0
2020-06-24T10:54:16+02:00,216,c5ed7c3ecaf50b,"Flussbad Unterer Letten",https://www.badi-info.ch/Unterer_letten.html,1,manual,"",0,701,438,0
2020-06-24T10:54:31+02:00,207,c5ed7c2be2e1d1,"Freibad Heuried",https://www.badi-info.ch/heuried.html,1,manual,"",0,1760,403,2
2020-06-24T10:54:37+02:00,211,c5ed7c35d2691a,"Freibad Mythenquai",https://www.badi-info.ch/Mythenquai.html,1,manual,"",0,4009,1119,0
2020-06-24T11:05:55+02:00,219,c5ed7c43707dff,"Hallenbad Bläsi",https://www.badi-info.ch/blaesi.html,1,manual,"",0,101,19,0
2020-06-24T11:06:51+02:00,222,c5ed7c47e86f10,"Wärmebad Käferberg",https://www.badi-info.ch/kaeferberg.html,1,manual,"",0,70,14,0
2020-06-24T11:09:28+02:00,220,c5ed7c44f09fcd,"Hallenbad Bungertwies",https://www.badi-info.ch/bungertwies.html,1,manual,"",0,97,9,0
2020-06-24T11:09:44+02:00,210,c5ed7c34806fc3,"Hallenbad Oerlikon",https://www.badi-info.ch/oerlikon.html,1,manual,"",0,421,58,0
2020-06-24T11:09:56+02:00,71,c5eb19118e5824,"Hallenbad City Zürich",https://www.badi-info.ch/city.html,1,manual,"",0,365,67,0
2020-06-24T11:10:36+02:00,206,c5ed7c2a3c5fa5,"Freibad Auhof",https://www.badi-info.ch/auhof.html,1,manual,"",0,1929,182,0
2020-06-24T11:11:10+02:00,221,c5ed7c466505e4,"Hallenbad Leimbach",https://www.badi-info.ch/zh/leimbach-hallenbad.html,1,manual,"",0,120,12,0
2020-06-24T11:11:13+02:00,217,c5ed7c4013bd69,"Seebad Utoquai",https://www.badi-info.ch/Utoquai.html,1,manual,"",0,231,227,-2
2020-06-24T11:11:17+02:00,211,c5ed7c35d2691a,"Freibad Mythenquai",https://www.badi-info.ch/Mythenquai.html,1,manual,"",0,4009,1184,0
2020-06-24T11:11:49+02:00,207,c5ed7c2be2e1d1,"Freibad Heuried",https://www.badi-info.ch/heuried.html,1,manual,"",0,1760,492,2
2020-06-24T11:12:18+02:00,208,c5ed7c2d6c3cfb,"Freibad Hölzli",https://www.badi-info.ch/zh/oberengstringen-schwimmbad.html,1,manual,"",0,2200,205,0
2020-06-24T11:12:18+02:00,218,c5ed7c41ae0016,"Freibad Wollishofen",https://www.badi-info.ch/wollishofen.html,1,manual,"",0,387,95,0
2020-06-24T11:12:19+02:00,238,c5eda072893782,"Flussbad Au-Höngg",https://www.badi-info.ch/au_hoengg.html,1,manual,"",0,814,303,0
2020-06-24T11:12:24+02:00,209,c5ed7c330546ea,"Seebad Katzensee",https://www.badi-info.ch/katzensee.html,1,manual,"",0,880,362,0
2020-06-24T11:12:27+02:00,216,c5ed7c3ecaf50b,"Flussbad Unterer Letten",https://www.badi-info.ch/Unterer_letten.html,1,manual,"",0,701,498,0
2020-06-24T11:12:28+02:00,212,c5ed7c38a83d5e,"Flussbad Oberer Letten",https://www.badi-info.ch/oberer_letten.html,1,manual,"",0,299,266,0
2020-06-24T11:12:28+02:00,72,c5eb1917e9eedc,"Freibad Letzigraben",https://www.badi-info.ch/letzi.html,1,manual,"",0,2970,305,0
2020-06-24T11:12:29+02:00,205,c5ed7c28b7b192,"Freibad Allenmoos",https://www.badi-info.ch/Allenmoos.html,1,manual,"",0,4020,570,0
2020-06-24T11:12:29+02:00,215,c5ed7c3c97c5c1,"Freibad Tiefenbrunnen",https://www.badi-info.ch/Tiefenbrunnen.html,1,manual,"",0,2812,534,0
2020-06-24T11:12:32+02:00,213,c5ed7c3a043ac0,"Freibad Seebach",https://www.badi-info.ch/seebach.html,1,manual,"",0,2100,374,-2
2020-06-24T11:13:03+02:00,222,c5ed7c47e86f10,"Wärmebad Käferberg",https://www.badi-info.ch/kaeferberg.html,1,manual,"",0,70,13,0
2020-06-24T11:13:26+02:00,220,c5ed7c44f09fcd,"Hallenbad Bungertwies",https://www.badi-info.ch/bungertwies.html,1,manual,"",0,97,10,0
2020-06-24T11:13:39+02:00,217,c5ed7c4013bd69,"Seebad Utoquai",https://www.badi-info.ch/Utoquai.html,1,manual,"",0,231,228,-2
2020-06-24T11:14:16+02:00,221,c5ed7c466505e4,"Hallenbad Leimbach",https://www.badi-info.ch/zh/leimbach-hallenbad.html,1,manual,"",0,120,11,0
2020-06-24T11:14:39+02:00,206,c5ed7c2a3c5fa5,"Freibad Auhof",https://www.badi-info.ch/auhof.html,1,manual,"",0,1929,202,0
2020-06-24T11:14:45+02:00,218,c5ed7c41ae0016,"Freibad Wollishofen",https://www.badi-info.ch/wollishofen.html,1,manual,"",0,387,96,0
2020-06-24T11:14:52+02:00,72,c5eb1917e9eedc,"Freibad Letzigraben",https://www.badi-info.ch/letzi.html,1,manual,"",0,2970,314,0
2020-06-24T11:14:54+02:00,205,c5ed7c28b7b192,"Freibad Allenmoos",https://www.badi-info.ch/Allenmoos.html,1,manual,"",0,4020,576,0
2020-06-24T11:15:00+02:00,212,c5ed7c38a83d5e,"Flussbad Oberer Letten",https://www.badi-info.ch/oberer_letten.html,1,manual,"",0,299,261,0
2020-06-24T11:15:21+02:00,208,c5ed7c2d6c3cfb,"Freibad Hölzli",https://www.badi-info.ch/zh/oberengstringen-schwimmbad.html,1,manual,"",0,2200,210,0
2020-06-24T11:15:29+02:00,215,c5ed7c3c97c5c1,"Freibad Tiefenbrunnen",https://www.badi-info.ch/Tiefenbrunnen.html,1,manual,"",0,2812,535,0
2020-06-24T11:15:31+02:00,211,c5ed7c35d2691a,"Freibad Mythenquai",https://www.badi-info.ch/Mythenquai.html,1,manual,"",0,4009,1204,0
2020-06-24T11:15:35+02:00,207,c5ed7c2be2e1d1,"Freibad Heuried",https://www.badi-info.ch/heuried.html,1,manual,"",0,1760,525,2
2020-06-24T11:15:44+02:00,213,c5ed7c3a043ac0,"Freibad Seebach",https://www.badi-info.ch/seebach.html,1,manual,"",0,2100,382,-2
2020-06-24T11:15:44+02:00,209,c5ed7c330546ea,"Seebad Katzensee",https://www.badi-info.ch/katzensee.html,1,manual,"",0,880,373,0
2020-06-24T11:15:45+02:00,238,c5eda072893782,"Flussbad Au-Höngg",https://www.badi-info.ch/au_hoengg.html,1,manual,"",0,814,289,0
2020-06-24T11:15:46+02:00,216,c5ed7c3ecaf50b,"Flussbad Unterer Letten",https://www.badi-info.ch/Unterer_letten.html,1,manual,"",0,701,507,0
2020-06-24T11:24:03+02:00,218,c5ed7c41ae0016,"Freibad Wollishofen",https://www.badi-info.ch/wollishofen.html,1,manual,"",0,387,104,0
2020-06-24T11:35:30+02:00,71,c5eb19118e5824,"Hallenbad City Zürich",https://www.badi-info.ch/city.html,1,manual,"",0,365,57,0
2020-06-24T11:46:23+02:00,219,c5ed7c43707dff,"Hallenbad Bläsi",https://www.badi-info.ch/blaesi.html,1,manual,"",0,101,10,0
2020-06-24T11:52:26+02:00,222,c5ed7c47e86f10,"Wärmebad Käferberg",https://www.badi-info.ch/kaeferberg.html,1,manual,"",0,70,15,0
2020-06-24T11:52:43+02:00,217,c5ed7c4013bd69,"Seebad Utoquai",https://www.badi-info.ch/Utoquai.html,1,manual,"",0,231,226,-2
2020-06-24T11:53:22+02:00,221,c5ed7c466505e4,"Hallenbad Leimbach",https://www.badi-info.ch/zh/leimbach-hallenbad.html,1,manual,"",0,120,16,0
2020-06-24T11:53:24+02:00,220,c5ed7c44f09fcd,"Hallenbad Bungertwies",https://www.badi-info.ch/bungertwies.html,1,manual,"",0,97,30,0
2020-06-24T11:53:32+02:00,206,c5ed7c2a3c5fa5,"Freibad Auhof",https://www.badi-info.ch/auhof.html,1,manual,"",0,1929,410,0
2020-06-24T11:54:04+02:00,210,c5ed7c34806fc3,"Hallenbad Oerlikon",https://www.badi-info.ch/oerlikon.html,1,manual,"",0,421,90,0
2020-06-24T11:54:15+02:00,208,c5ed7c2d6c3cfb,"Freibad Hölzli",https://www.badi-info.ch/zh/oberengstringen-schwimmbad.html,1,manual,"",0,2200,336,0
2020-06-24T11:54:28+02:00,72,c5eb1917e9eedc,"Freibad Letzigraben",https://www.badi-info.ch/letzi.html,1,manual,"",0,2970,493,0
2020-06-24T11:55:09+02:00,216,c5ed7c3ecaf50b,"Flussbad Unterer Letten",https://www.badi-info.ch/Unterer_letten.html,1,manual,"",0,701,622,0
2020-06-24T11:55:10+02:00,209,c5ed7c330546ea,"Seebad Katzensee",https://www.badi-info.ch/katzensee.html,1,manual,"",0,880,446,0
2020-06-24T11:55:15+02:00,212,c5ed7c38a83d5e,"Flussbad Oberer Letten",https://www.badi-info.ch/oberer_letten.html,1,manual,"",0,299,279,0
2020-06-24T11:55:16+02:00,207,c5ed7c2be2e1d1,"Freibad Heuried",https://www.badi-info.ch/heuried.html,1,manual,"",0,1760,800,2
2020-06-24T11:55:18+02:00,213,c5ed7c3a043ac0,"Freibad Seebach",https://www.badi-info.ch/seebach.html,1,manual,"",0,2100,614,-2
2020-06-24T11:55:20+02:00,205,c5ed7c28b7b192,"Freibad Allenmoos",https://www.badi-info.ch/Allenmoos.html,1,manual,"",0,4020,768,0
2020-06-24T11:55:24+02:00,238,c5eda072893782,"Flussbad Au-Höngg",https://www.badi-info.ch/au_hoengg.html,1,manual,"",0,814,338,0
2020-06-24T11:55:28+02:00,211,c5ed7c35d2691a,"Freibad Mythenquai",https://www.badi-info.ch/Mythenquai.html,1,manual,"",0,4009,1411,0
2020-06-24T11:55:29+02:00,215,c5ed7c3c97c5c1,"Freibad Tiefenbrunnen",https://www.badi-info.ch/Tiefenbrunnen.html,1,manual,"",0,2812,740,0
2020-06-24T12:11:15+02:00,212,c5ed7c38a83d5e,"Flussbad Oberer Letten",https://www.badi-info.ch/oberer_letten.html,1,manual,"",0,299,300,20
2020-06-24T12:14:44+02:00,216,c5ed7c3ecaf50b,"Flussbad Unterer Letten",https://www.badi-info.ch/Unterer_letten.html,1,manual,"",0,701,701,60
2020-06-24T12:16:05+02:00,222,c5ed7c47e86f10,"Wärmebad Käferberg",https://www.badi-info.ch/kaeferberg.html,1,manual,"",0,70,14,0
2020-06-24T12:16:37+02:00,219,c5ed7c43707dff,"Hallenbad Bläsi",https://www.badi-info.ch/blaesi.html,1,manual,"",0,101,9,0
2020-06-24T12:24:32+02:00,221,c5ed7c466505e4,"Hallenbad Leimbach",https://www.badi-info.ch/zh/leimbach-hallenbad.html,1,manual,"",0,120,25,0
2020-06-24T12:24:41+02:00,71,c5eb19118e5824,"Hallenbad City Zürich",https://www.badi-info.ch/city.html,1,manual,"",0,365,56,0
2020-06-24T12:26:10+02:00,220,c5ed7c44f09fcd,"Hallenbad Bungertwies",https://www.badi-info.ch/bungertwies.html,1,manual,"",0,97,46,0
2020-06-24T12:26:21+02:00,217,c5ed7c4013bd69,"Seebad Utoquai",https://www.badi-info.ch/Utoquai.html,1,manual,"",0,231,227,-2
2020-06-24T12:26:45+02:00,210,c5ed7c34806fc3,"Hallenbad Oerlikon",https://www.badi-info.ch/oerlikon.html,1,manual,"",0,421,102,0
2020-06-24T12:26:54+02:00,207,c5ed7c2be2e1d1,"Freibad Heuried",https://www.badi-info.ch/heuried.html,1,manual,"",0,1760,1012,2
2020-06-24T12:26:57+02:00,238,c5eda072893782,"Flussbad Au-Höngg",https://www.badi-info.ch/au_hoengg.html,1,manual,"",0,814,457,0
2020-06-24T12:27:01+02:00,218,c5ed7c41ae0016,"Freibad Wollishofen",https://www.badi-info.ch/wollishofen.html,1,manual,"",0,387,152,0
2020-06-24T12:27:14+02:00,205,c5ed7c28b7b192,"Freibad Allenmoos",https://www.badi-info.ch/Allenmoos.html,1,manual,"",0,4020,950,0
2020-06-24T12:27:17+02:00,213,c5ed7c3a043ac0,"Freibad Seebach",https://www.badi-info.ch/seebach.html,1,manual,"",0,2100,843,-2
2020-06-24T12:27:19+02:00,206,c5ed7c2a3c5fa5,"Freibad Auhof",https://www.badi-info.ch/auhof.html,1,manual,"",0,1929,515,0
2020-06-24T12:27:20+02:00,211,c5ed7c35d2691a,"Freibad Mythenquai",https://www.badi-info.ch/Mythenquai.html,1,manual,"",0,4009,1591,0
2020-06-24T12:27:23+02:00,72,c5eb1917e9eedc,"Freibad Letzigraben",https://www.badi-info.ch/letzi.html,1,manual,"",0,2970,746,0
2020-06-24T12:27:28+02:00,208,c5ed7c2d6c3cfb,"Freibad Hölzli",https://www.badi-info.ch/zh/oberengstringen-schwimmbad.html,1,manual,"",0,2200,532,0
2020-06-24T12:27:29+02:00,215,c5ed7c3c97c5c1,"Freibad Tiefenbrunnen",https://www.badi-info.ch/Tiefenbrunnen.html,1,manual,"",0,2812,953,0
2020-06-24T12:27:34+02:00,209,c5ed7c330546ea,"Seebad Katzensee",https://www.badi-info.ch/katzensee.html,1,manual,"",0,880,517,0
2020-06-24T12:32:04+02:00,222,c5ed7c47e86f10,"Wärmebad Käferberg",https://www.badi-info.ch/kaeferberg.html,1,manual,"",0,70,8,0
2020-06-24T12:32:31+02:00,205,c5ed7c28b7b192,"Freibad Allenmoos",https://www.badi-info.ch/Allenmoos.html,1,manual,"",0,4020,957,0
2020-06-24T12:33:24+02:00,72,c5eb1917e9eedc,"Freibad Letzigraben",https://www.badi-info.ch/letzi.html,1,manual,"",0,2970,806,0
2020-06-24T12:33:33+02:00,210,c5ed7c34806fc3,"Hallenbad Oerlikon",https://www.badi-info.ch/oerlikon.html,1,manual,"",0,421,104,0
2020-06-24T12:33:47+02:00,206,c5ed7c2a3c5fa5,"Freibad Auhof",https://www.badi-info.ch/auhof.html,1,manual,"",0,1929,529,0
2020-06-24T12:34:49+02:00,219,c5ed7c43707dff,"Hallenbad Bläsi",https://www.badi-info.ch/blaesi.html,1,manual,"",0,101,13,0
2020-06-24T12:34:55+02:00,213,c5ed7c3a043ac0,"Freibad Seebach",https://www.badi-info.ch/seebach.html,1,manual,"",0,2100,934,-2
2020-06-24T12:35:06+02:00,221,c5ed7c466505e4,"Hallenbad Leimbach",https://www.badi-info.ch/zh/leimbach-hallenbad.html,1,manual,"",0,120,20,0
2020-06-24T12:35:11+02:00,211,c5ed7c35d2691a,"Freibad Mythenquai",https://www.badi-info.ch/Mythenquai.html,1,manual,"",0,4009,1633,0
2020-06-24T12:35:16+02:00,207,c5ed7c2be2e1d1,"Freibad Heuried",https://www.badi-info.ch/heuried.html,1,manual,"",0,1760,1082,2
2020-06-24T12:35:18+02:00,238,c5eda072893782,"Flussbad Au-Höngg",https://www.badi-info.ch/au_hoengg.html,1,manual,"",0,814,507,0
2020-06-24T12:35:18+02:00,214,c5ed7c3b370597,"Frauenbad Stadthausquai",https://www.badi-info.ch/stadthausquai.html,1,manual,"",0,147,147,7
2020-06-24T12:35:19+02:00,218,c5ed7c41ae0016,"Freibad Wollishofen",https://www.badi-info.ch/wollishofen.html,1,manual,"",0,387,164,1
2020-06-24T12:35:20+02:00,208,c5ed7c2d6c3cfb,"Freibad Hölzli",https://www.badi-info.ch/zh/oberengstringen-schwimmbad.html,1,manual,"",0,2200,625,0
2020-06-24T12:35:27+02:00,215,c5ed7c3c97c5c1,"Freibad Tiefenbrunnen",https://www.badi-info.ch/Tiefenbrunnen.html,1,manual,"",0,2812,1008,0
2020-06-24T12:35:34+02:00,209,c5ed7c330546ea,"Seebad Katzensee",https://www.badi-info.ch/katzensee.html,1,manual,"",0,880,527,0
2020-06-24T12:41:52+02:00,222,c5ed7c47e86f10,"Wärmebad Käferberg",https://www.badi-info.ch/kaeferberg.html,1,manual,"",0,70,3,0
2020-06-24T12:42:22+02:00,219,c5ed7c43707dff,"Hallenbad Bläsi",https://www.badi-info.ch/blaesi.html,1,manual,"",0,101,12,0
2020-06-24T12:42:52+02:00,221,c5ed7c466505e4,"Hallenbad Leimbach",https://www.badi-info.ch/zh/leimbach-hallenbad.html,1,manual,"",0,120,19,0
2020-06-24T12:42:55+02:00,205,c5ed7c28b7b192,"Freibad Allenmoos",https://www.badi-info.ch/Allenmoos.html,1,manual,"",0,4020,971,0
2020-06-24T12:42:56+02:00,220,c5ed7c44f09fcd,"Hallenbad Bungertwies",https://www.badi-info.ch/bungertwies.html,1,manual,"",0,97,48,0
2020-06-24T12:43:43+02:00,210,c5ed7c34806fc3,"Hallenbad Oerlikon",https://www.badi-info.ch/oerlikon.html,1,manual,"",0,421,115,0
2020-06-24T12:43:47+02:00,206,c5ed7c2a3c5fa5,"Freibad Auhof",https://www.badi-info.ch/auhof.html,1,manual,"",0,1929,621,0
2020-06-24T12:44:08+02:00,238,c5eda072893782,"Flussbad Au-Höngg",https://www.badi-info.ch/au_hoengg.html,1,manual,"",0,814,520,0
2020-06-24T12:44:21+02:00,208,c5ed7c2d6c3cfb,"Freibad Hölzli",https://www.badi-info.ch/zh/oberengstringen-schwimmbad.html,1,manual,"",0,2200,727,0
2020-06-24T12:44:23+02:00,211,c5ed7c35d2691a,"Freibad Mythenquai",https://www.badi-info.ch/Mythenquai.html,1,manual,"",0,4009,1669,0
2020-06-24T12:44:24+02:00,215,c5ed7c3c97c5c1,"Freibad Tiefenbrunnen",https://www.badi-info.ch/Tiefenbrunnen.html,1,manual,"",0,2812,1074,0
2020-06-24T12:44:27+02:00,207,c5ed7c2be2e1d1,"Freibad Heuried",https://www.badi-info.ch/heuried.html,1,manual,"",0,1760,1137,2
2020-06-24T12:44:31+02:00,72,c5eb1917e9eedc,"Freibad Letzigraben",https://www.badi-info.ch/letzi.html,1,manual,"",0,2970,882,0
2020-06-24T12:44:32+02:00,213,c5ed7c3a043ac0,"Freibad Seebach",https://www.badi-info.ch/seebach.html,1,manual,"",0,2100,983,-2
2020-06-24T12:44:36+02:00,209,c5ed7c330546ea,"Seebad Katzensee",https://www.badi-info.ch/katzensee.html,1,manual,"",0,880,554,0
2020-06-24T12:47:32+02:00,221,c5ed7c466505e4,"Hallenbad Leimbach",https://www.badi-info.ch/zh/leimbach-hallenbad.html,1,manual,"",0,120,22,0
2020-06-24T12:48:40+02:00,218,c5ed7c41ae0016,"Freibad Wollishofen",https://www.badi-info.ch/wollishofen.html,1,manual,"",0,387,187,1
2020-06-24T12:50:14+02:00,210,c5ed7c34806fc3,"Hallenbad Oerlikon",https://www.badi-info.ch/oerlikon.html,1,manual,"",0,421,128,0
2020-06-24T12:51:23+02:00,206,c5ed7c2a3c5fa5,"Freibad Auhof",https://www.badi-info.ch/auhof.html,1,manual,"",0,1929,632,0
2020-06-24T12:53:23+02:00,219,c5ed7c43707dff,"Hallenbad Bläsi",https://www.badi-info.ch/blaesi.html,1,manual,"",0,101,14,0
2020-06-24T12:53:45+02:00,220,c5ed7c44f09fcd,"Hallenbad Bungertwies",https://www.badi-info.ch/bungertwies.html,1,manual,"",0,97,49,0
2020-06-24T12:54:39+02:00,215,c5ed7c3c97c5c1,"Freibad Tiefenbrunnen",https://www.badi-info.ch/Tiefenbrunnen.html,1,manual,"",0,2812,1105,0
2020-06-24T12:54:40+02:00,72,c5eb1917e9eedc,"Freibad Letzigraben",https://www.badi-info.ch/letzi.html,1,manual,"",0,2970,937,0
2020-06-24T12:54:42+02:00,211,c5ed7c35d2691a,"Freibad Mythenquai",https://www.badi-info.ch/Mythenquai.html,1,manual,"",0,4009,1757,0
2020-06-24T12:54:50+02:00,205,c5ed7c28b7b192,"Freibad Allenmoos",https://www.badi-info.ch/Allenmoos.html,1,manual,"",0,4020,1030,0
2020-06-24T12:54:50+02:00,209,c5ed7c330546ea,"Seebad Katzensee",https://www.badi-info.ch/katzensee.html,1,manual,"",0,880,590,0
2020-06-24T12:54:54+02:00,217,c5ed7c4013bd69,"Seebad Utoquai",https://www.badi-info.ch/Utoquai.html,1,manual,"",0,231,229,-2
2020-06-24T12:54:55+02:00,207,c5ed7c2be2e1d1,"Freibad Heuried",https://www.badi-info.ch/heuried.html,1,manual,"",0,1760,1228,2
2020-06-24T12:54:58+02:00,213,c5ed7c3a043ac0,"Freibad Seebach",https://www.badi-info.ch/seebach.html,1,manual,"",0,2100,1029,-2
2020-06-24T12:55:01+02:00,208,c5ed7c2d6c3cfb,"Freibad Hölzli",https://www.badi-info.ch/zh/oberengstringen-schwimmbad.html,1,manual,"",0,2200,783,0
2020-06-24T12:55:02+02:00,238,c5eda072893782,"Flussbad Au-Höngg",https://www.badi-info.ch/au_hoengg.html,1,manual,"",0,814,520,0
2020-06-24T12:59:49+02:00,219,c5ed7c43707dff,"Hallenbad Bläsi",https://www.badi-info.ch/blaesi.html,1,manual,"",0,101,16,0
2020-06-24T13:04:12+02:00,218,c5ed7c41ae0016,"Freibad Wollishofen",https://www.badi-info.ch/wollishofen.html,1,manual,"",0,387,222,1
2020-06-24T13:04:38+02:00,72,c5eb1917e9eedc,"Freibad Letzigraben",https://www.badi-info.ch/letzi.html,1,manual,"",0,2970,972,0
2020-06-24T13:05:43+02:00,222,c5ed7c47e86f10,"Wärmebad Käferberg",https://www.badi-info.ch/kaeferberg.html,1,manual,"",1,70,0,0
2020-06-24T13:06:49+02:00,221,c5ed7c466505e4,"Hallenbad Leimbach",https://www.badi-info.ch/zh/leimbach-hallenbad.html,1,manual,"",0,120,21,0
2020-06-24T13:07:38+02:00,238,c5eda072893782,"Flussbad Au-Höngg",https://www.badi-info.ch/au_hoengg.html,1,manual,"",0,814,532,0
2020-06-24T13:07:45+02:00,217,c5ed7c4013bd69,"Seebad Utoquai",https://www.badi-info.ch/Utoquai.html,1,manual,"",0,231,230,-2
2020-06-24T13:07:51+02:00,206,c5ed7c2a3c5fa5,"Freibad Auhof",https://www.badi-info.ch/auhof.html,1,manual,"",0,1929,684,0
2020-06-24T13:07:58+02:00,220,c5ed7c44f09fcd,"Hallenbad Bungertwies",https://www.badi-info.ch/bungertwies.html,1,manual,"",0,97,55,0
2020-06-24T13:08:19+02:00,209,c5ed7c330546ea,"Seebad Katzensee",https://www.badi-info.ch/katzensee.html,1,manual,"",0,880,609,0
2020-06-24T13:08:24+02:00,211,c5ed7c35d2691a,"Freibad Mythenquai",https://www.badi-info.ch/Mythenquai.html,1,manual,"",0,4009,1899,0
2020-06-24T13:08:34+02:00,205,c5ed7c28b7b192,"Freibad Allenmoos",https://www.badi-info.ch/Allenmoos.html,1,manual,"",0,4020,1169,0
2020-06-24T13:08:40+02:00,215,c5ed7c3c97c5c1,"Freibad Tiefenbrunnen",https://www.badi-info.ch/Tiefenbrunnen.html,1,manual,"",0,2812,1168,0
2020-06-24T13:08:44+02:00,208,c5ed7c2d6c3cfb,"Freibad Hölzli",https://www.badi-info.ch/zh/oberengstringen-schwimmbad.html,1,manual,"",0,2200,826,0
2020-06-24T13:08:46+02:00,207,c5ed7c2be2e1d1,"Freibad Heuried",https://www.badi-info.ch/heuried.html,1,manual,"",0,1760,1310,2
2020-06-24T13:08:48+02:00,210,c5ed7c34806fc3,"Hallenbad Oerlikon",https://www.badi-info.ch/oerlikon.html,1,manual,"",0,421,136,0
2020-06-24T13:08:50+02:00,213,c5ed7c3a043ac0,"Freibad Seebach",https://www.badi-info.ch/seebach.html,1,manual,"",0,2100,1073,-2
2020-06-24T13:10:51+02:00,210,c5ed7c34806fc3,"Hallenbad Oerlikon",https://www.badi-info.ch/oerlikon.html,1,manual,"",0,421,138,0
2020-06-24T13:11:35+02:00,220,c5ed7c44f09fcd,"Hallenbad Bungertwies",https://www.badi-info.ch/bungertwies.html,1,manual,"",0,97,59,0
2020-06-24T13:13:00+02:00,219,c5ed7c43707dff,"Hallenbad Bläsi",https://www.badi-info.ch/blaesi.html,1,manual,"",0,101,14,0
2020-06-24T13:15:08+02:00,238,c5eda072893782,"Flussbad Au-Höngg",https://www.badi-info.ch/au_hoengg.html,1,manual,"",0,814,495,0
2020-06-24T13:15:26+02:00,208,c5ed7c2d6c3cfb,"Freibad Hölzli",https://www.badi-info.ch/zh/oberengstringen-schwimmbad.html,1,manual,"",0,2200,864,0
2020-06-24T13:15:41+02:00,206,c5ed7c2a3c5fa5,"Freibad Auhof",https://www.badi-info.ch/auhof.html,1,manual,"",0,1929,709,0
2020-06-24T13:15:42+02:00,209,c5ed7c330546ea,"Seebad Katzensee",https://www.badi-info.ch/katzensee.html,1,manual,"",0,880,635,0
2020-06-24T13:15:43+02:00,213,c5ed7c3a043ac0,"Freibad Seebach",https://www.badi-info.ch/seebach.html,1,manual,"",0,2100,1094,-2
2020-06-24T13:15:46+02:00,217,c5ed7c4013bd69,"Seebad Utoquai",https://www.badi-info.ch/Utoquai.html,1,manual,"",0,231,229,-2
2020-06-24T13:15:59+02:00,211,c5ed7c35d2691a,"Freibad Mythenquai",https://www.badi-info.ch/Mythenquai.html,1,manual,"",0,4009,1944,0
2020-06-24T13:16:04+02:00,221,c5ed7c466505e4,"Hallenbad Leimbach",https://www.badi-info.ch/zh/leimbach-hallenbad.html,1,manual,"",0,120,19,0
2020-06-24T13:16:05+02:00,205,c5ed7c28b7b192,"Freibad Allenmoos",https://www.badi-info.ch/Allenmoos.html,1,manual,"",0,4020,1394,0
2020-06-24T13:16:06+02:00,207,c5ed7c2be2e1d1,"Freibad Heuried",https://www.badi-info.ch/heuried.html,1,manual,"",0,1760,1345,2
2020-06-24T13:16:09+02:00,72,c5eb1917e9eedc,"Freibad Letzigraben",https://www.badi-info.ch/letzi.html,1,manual,"",0,2970,1038,0
2020-06-24T13:16:11+02:00,215,c5ed7c3c97c5c1,"Freibad Tiefenbrunnen",https://www.badi-info.ch/Tiefenbrunnen.html,1,manual,"",0,2812,1219,0
2020-06-24T13:19:52+02:00,218,c5ed7c41ae0016,"Freibad Wollishofen",https://www.badi-info.ch/wollishofen.html,1,manual,"",0,387,224,1
2020-06-24T13:20:38+02:00,217,c5ed7c4013bd69,"Seebad Utoquai",https://www.badi-info.ch/Utoquai.html,1,manual,"",0,231,229,-2
2020-06-24T13:21:12+02:00,221,c5ed7c466505e4,"Hallenbad Leimbach",https://www.badi-info.ch/zh/leimbach-hallenbad.html,1,manual,"",0,120,17,0
2020-06-24T13:21:31+02:00,210,c5ed7c34806fc3,"Hallenbad Oerlikon",https://www.badi-info.ch/oerlikon.html,1,manual,"",0,421,144,0
2020-06-24T13:22:02+02:00,205,c5ed7c28b7b192,"Freibad Allenmoos",https://www.badi-info.ch/Allenmoos.html,1,manual,"",0,4020,1673,0
2020-06-24T13:23:08+02:00,219,c5ed7c43707dff,"Hallenbad Bläsi",https://www.badi-info.ch/blaesi.html,1,manual,"",0,101,14,0
2020-06-24T13:23:49+02:00,211,c5ed7c35d2691a,"Freibad Mythenquai",https://www.badi-info.ch/Mythenquai.html,1,manual,"",0,4009,1955,0
2020-06-24T13:23:53+02:00,209,c5ed7c330546ea,"Seebad Katzensee",https://www.badi-info.ch/katzensee.html,1,manual,"",0,880,659,0
2020-06-24T13:23:57+02:00,208,c5ed7c2d6c3cfb,"Freibad Hölzli",https://www.badi-info.ch/zh/oberengstringen-schwimmbad.html,1,manual,"",0,2200,920,0
2020-06-24T13:23:58+02:00,215,c5ed7c3c97c5c1,"Freibad Tiefenbrunnen",https://www.badi-info.ch/Tiefenbrunnen.html,1,manual,"",0,2812,1273,0
2020-06-24T13:24:02+02:00,206,c5ed7c2a3c5fa5,"Freibad Auhof",https://www.badi-info.ch/auhof.html,1,manual,"",0,1929,730,0
2020-06-24T13:24:02+02:00,207,c5ed7c2be2e1d1,"Freibad Heuried",https://www.badi-info.ch/heuried.html,1,manual,"",0,1760,1413,2
2020-06-24T13:24:07+02:00,238,c5eda072893782,"Flussbad Au-Höngg",https://www.badi-info.ch/au_hoengg.html,1,manual,"",0,814,501,0
2020-06-24T13:24:07+02:00,213,c5ed7c3a043ac0,"Freibad Seebach",https://www.badi-info.ch/seebach.html,1,manual,"",0,2100,1111,-2
2020-06-24T13:24:15+02:00,212,c5ed7c38a83d5e,"Flussbad Oberer Letten",https://www.badi-info.ch/oberer_letten.html,1,manual,"",0,299,299,17
2020-06-24T13:24:18+02:00,72,c5eb1917e9eedc,"Freibad Letzigraben",https://www.badi-info.ch/letzi.html,1,manual,"",0,2970,1090,0
2020-06-24T13:55:26+02:00,210,c5ed7c34806fc3,"Hallenbad Oerlikon",https://www.badi-info.ch/oerlikon.html,1,manual,"",0,421,147,0
2020-06-24T13:56:41+02:00,71,c5eb19118e5824,"Hallenbad City Zürich",https://www.badi-info.ch/city.html,1,manual,"",0,365,70,0
2020-06-24T13:57:34+02:00,217,c5ed7c4013bd69,"Seebad Utoquai",https://www.badi-info.ch/Utoquai.html,1,manual,"",0,231,227,-2
2020-06-24T14:07:57+02:00,214,c5ed7c3b370597,"Frauenbad Stadthausquai",https://www.badi-info.ch/stadthausquai.html,1,manual,"",0,147,147,3
2020-06-24T14:10:13+02:00,212,c5ed7c38a83d5e,"Flussbad Oberer Letten",https://www.badi-info.ch/oberer_letten.html,1,manual,"",0,299,299,13
2020-06-24T14:11:10+02:00,219,c5ed7c43707dff,"Hallenbad Bläsi",https://www.badi-info.ch/blaesi.html,1,manual,"",0,101,9,0
2020-06-24T14:12:35+02:00,218,c5ed7c41ae0016,"Freibad Wollishofen",https://www.badi-info.ch/wollishofen.html,1,manual,"",0,387,279,0
2020-06-24T14:14:06+02:00,205,c5ed7c28b7b192,"Freibad Allenmoos",https://www.badi-info.ch/Allenmoos.html,1,manual,"",0,4020,2135,0
2020-06-24T14:14:47+02:00,238,c5eda072893782,"Flussbad Au-Höngg",https://www.badi-info.ch/au_hoengg.html,1,manual,"",0,814,553,0
2020-06-24T14:14:48+02:00,206,c5ed7c2a3c5fa5,"Freibad Auhof",https://www.badi-info.ch/auhof.html,1,manual,"",0,1929,896,0
2020-06-24T14:14:57+02:00,221,c5ed7c466505e4,"Hallenbad Leimbach",https://www.badi-info.ch/zh/leimbach-hallenbad.html,1,manual,"",0,120,12,0
2020-06-24T14:15:00+02:00,220,c5ed7c44f09fcd,"Hallenbad Bungertwies",https://www.badi-info.ch/bungertwies.html,1,manual,"",0,97,26,0
2020-06-24T14:15:16+02:00,215,c5ed7c3c97c5c1,"Freibad Tiefenbrunnen",https://www.badi-info.ch/Tiefenbrunnen.html,1,manual,"",0,2812,1325,0
2020-06-24T14:15:18+02:00,208,c5ed7c2d6c3cfb,"Freibad Hölzli",https://www.badi-info.ch/zh/oberengstringen-schwimmbad.html,1,manual,"",0,2200,1019,0
2020-06-24T14:15:18+02:00,213,c5ed7c3a043ac0,"Freibad Seebach",https://www.badi-info.ch/seebach.html,1,manual,"",0,2100,1123,-2
2020-06-24T14:15:22+02:00,211,c5ed7c35d2691a,"Freibad Mythenquai",https://www.badi-info.ch/Mythenquai.html,1,manual,"",0,4009,2122,0
2020-06-24T14:15:28+02:00,207,c5ed7c2be2e1d1,"Freibad Heuried",https://www.badi-info.ch/heuried.html,1,manual,"",0,1760,1665,3
2020-06-24T14:15:37+02:00,72,c5eb1917e9eedc,"Freibad Letzigraben",https://www.badi-info.ch/letzi.html,1,manual,"",0,2970,1552,0
2020-06-24T14:15:38+02:00,209,c5ed7c330546ea,"Seebad Katzensee",https://www.badi-info.ch/katzensee.html,1,manual,"",0,880,742,0
2020-06-24T14:26:29+02:00,218,c5ed7c41ae0016,"Freibad Wollishofen",https://www.badi-info.ch/wollishofen.html,1,manual,"",0,387,287,0
2020-06-24T14:27:09+02:00,208,c5ed7c2d6c3cfb,"Freibad Hölzli",https://www.badi-info.ch/zh/oberengstringen-schwimmbad.html,1,manual,"",0,2200,1030,0
2020-06-24T14:30:31+02:00,213,c5ed7c3a043ac0,"Freibad Seebach",https://www.badi-info.ch/seebach.html,1,manual,"",0,2100,1107,-2
2020-06-24T14:30:59+02:00,221,c5ed7c466505e4,"Hallenbad Leimbach",https://www.badi-info.ch/zh/leimbach-hallenbad.html,1,manual,"",0,120,7,0
2020-06-24T14:32:03+02:00,219,c5ed7c43707dff,"Hallenbad Bläsi",https://www.badi-info.ch/blaesi.html,1,manual,"",0,101,6,0
2020-06-24T14:33:27+02:00,206,c5ed7c2a3c5fa5,"Freibad Auhof",https://www.badi-info.ch/auhof.html,1,manual,"",0,1929,935,0
2020-06-24T14:33:42+02:00,220,c5ed7c44f09fcd,"Hallenbad Bungertwies",https://www.badi-info.ch/bungertwies.html,1,manual,"",0,97,7,0
2020-06-24T14:34:01+02:00,210,c5ed7c34806fc3,"Hallenbad Oerlikon",https://www.badi-info.ch/oerlikon.html,1,manual,"",0,421,134,0
2020-06-24T14:34:11+02:00,205,c5ed7c28b7b192,"Freibad Allenmoos",https://www.badi-info.ch/Allenmoos.html,1,manual,"",0,4020,2192,0
2020-06-24T14:34:21+02:00,214,c5ed7c3b370597,"Frauenbad Stadthausquai",https://www.badi-info.ch/stadthausquai.html,1,manual,"",0,147,141,0
2020-06-24T14:34:23+02:00,207,c5ed7c2be2e1d1,"Freibad Heuried",https://www.badi-info.ch/heuried.html,1,manual,"",0,1760,1713,3
2020-06-24T14:34:26+02:00,209,c5ed7c330546ea,"Seebad Katzensee",https://www.badi-info.ch/katzensee.html,1,manual,"",0,880,760,0
2020-06-24T14:34:30+02:00,238,c5eda072893782,"Flussbad Au-Höngg",https://www.badi-info.ch/au_hoengg.html,1,manual,"",0,814,538,0
2020-06-24T14:34:33+02:00,211,c5ed7c35d2691a,"Freibad Mythenquai",https://www.badi-info.ch/Mythenquai.html,1,manual,"",0,4009,2202,0
2020-06-24T14:34:51+02:00,215,c5ed7c3c97c5c1,"Freibad Tiefenbrunnen",https://www.badi-info.ch/Tiefenbrunnen.html,1,manual,"",0,2812,1365,0
2020-06-24T14:34:53+02:00,72,c5eb1917e9eedc,"Freibad Letzigraben",https://www.badi-info.ch/letzi.html,1,manual,"",0,2970,1637,0
2020-06-24T14:35:56+02:00,217,c5ed7c4013bd69,"Seebad Utoquai",https://www.badi-info.ch/Utoquai.html,1,manual,"",0,231,231,-2
2020-06-24T14:42:08+02:00,210,c5ed7c34806fc3,"Hallenbad Oerlikon",https://www.badi-info.ch/oerlikon.html,1,manual,"",0,421,128,0
2020-06-24T14:42:37+02:00,216,c5ed7c3ecaf50b,"Flussbad Unterer Letten",https://www.badi-info.ch/Unterer_letten.html,1,manual,"",0,701,701,2
2020-06-24T14:43:22+02:00,220,c5ed7c44f09fcd,"Hallenbad Bungertwies",https://www.badi-info.ch/bungertwies.html,1,manual,"",0,97,9,0
2020-06-24T14:43:50+02:00,205,c5ed7c28b7b192,"Freibad Allenmoos",https://www.badi-info.ch/Allenmoos.html,1,manual,"",0,4020,2234,0
2020-06-24T14:43:50+02:00,215,c5ed7c3c97c5c1,"Freibad Tiefenbrunnen",https://www.badi-info.ch/Tiefenbrunnen.html,1,manual,"",0,2812,1372,0
2020-06-24T14:43:57+02:00,213,c5ed7c3a043ac0,"Freibad Seebach",https://www.badi-info.ch/seebach.html,1,manual,"",0,2100,1089,-2
2020-06-24T14:43:59+02:00,208,c5ed7c2d6c3cfb,"Freibad Hölzli",https://www.badi-info.ch/zh/oberengstringen-schwimmbad.html,1,manual,"",0,2200,1027,0
2020-06-24T14:44:02+02:00,206,c5ed7c2a3c5fa5,"Freibad Auhof",https://www.badi-info.ch/auhof.html,1,manual,"",0,1929,942,0
2020-06-24T14:44:03+02:00,238,c5eda072893782,"Flussbad Au-Höngg",https://www.badi-info.ch/au_hoengg.html,1,manual,"",0,814,546,0
2020-06-24T14:44:07+02:00,211,c5ed7c35d2691a,"Freibad Mythenquai",https://www.badi-info.ch/Mythenquai.html,1,manual,"",0,4009,2235,0
2020-06-24T14:44:13+02:00,214,c5ed7c3b370597,"Frauenbad Stadthausquai",https://www.badi-info.ch/stadthausquai.html,1,manual,"",0,147,143,0
2020-06-24T14:44:16+02:00,207,c5ed7c2be2e1d1,"Freibad Heuried",https://www.badi-info.ch/heuried.html,1,manual,"",0,1760,1728,3
2020-06-24T14:44:18+02:00,72,c5eb1917e9eedc,"Freibad Letzigraben",https://www.badi-info.ch/letzi.html,1,manual,"",0,2970,1620,0
2020-06-24T14:44:19+02:00,209,c5ed7c330546ea,"Seebad Katzensee",https://www.badi-info.ch/katzensee.html,1,manual,"",0,880,750,0
2020-06-24T14:55:53+02:00,221,c5ed7c466505e4,"Hallenbad Leimbach",https://www.badi-info.ch/zh/leimbach-hallenbad.html,1,manual,"",0,120,14,0
2020-06-24T14:56:59+02:00,219,c5ed7c43707dff,"Hallenbad Bläsi",https://www.badi-info.ch/blaesi.html,1,manual,"",0,101,4,0
2020-06-24T15:07:31+02:00,205,c5ed7c28b7b192,"Freibad Allenmoos",https://www.badi-info.ch/Allenmoos.html,1,manual,"",0,4020,2260,0
2020-06-24T15:08:07+02:00,220,c5ed7c44f09fcd,"Hallenbad Bungertwies",https://www.badi-info.ch/bungertwies.html,1,manual,"",0,97,9,0
2020-06-24T15:08:45+02:00,206,c5ed7c2a3c5fa5,"Freibad Auhof",https://www.badi-info.ch/auhof.html,1,manual,"",0,1929,981,0
2020-06-24T15:09:04+02:00,72,c5eb1917e9eedc,"Freibad Letzigraben",https://www.badi-info.ch/letzi.html,1,manual,"",0,2970,1502,0
2020-06-24T15:09:19+02:00,209,c5ed7c330546ea,"Seebad Katzensee",https://www.badi-info.ch/katzensee.html,1,manual,"",0,880,721,0
2020-06-24T15:09:22+02:00,238,c5eda072893782,"Flussbad Au-Höngg",https://www.badi-info.ch/au_hoengg.html,1,manual,"",0,814,569,0
2020-06-24T15:09:25+02:00,210,c5ed7c34806fc3,"Hallenbad Oerlikon",https://www.badi-info.ch/oerlikon.html,1,manual,"",0,421,132,0
2020-06-24T15:09:26+02:00,208,c5ed7c2d6c3cfb,"Freibad Hölzli",https://www.badi-info.ch/zh/oberengstringen-schwimmbad.html,1,manual,"",0,2200,791,0
2020-06-24T15:09:31+02:00,214,c5ed7c3b370597,"Frauenbad Stadthausquai",https://www.badi-info.ch/stadthausquai.html,1,manual,"",0,147,140,0
2020-06-24T15:09:34+02:00,216,c5ed7c3ecaf50b,"Flussbad Unterer Letten",https://www.badi-info.ch/Unterer_letten.html,1,manual,"",0,701,681,-1
2020-06-24T15:09:37+02:00,215,c5ed7c3c97c5c1,"Freibad Tiefenbrunnen",https://www.badi-info.ch/Tiefenbrunnen.html,1,manual,"",0,2812,1360,0
2020-06-24T15:09:39+02:00,207,c5ed7c2be2e1d1,"Freibad Heuried",https://www.badi-info.ch/heuried.html,1,manual,"",0,1760,1635,9
2020-06-24T15:09:39+02:00,218,c5ed7c41ae0016,"Freibad Wollishofen",https://www.badi-info.ch/wollishofen.html,1,manual,"",0,387,193,0
2020-06-24T15:09:42+02:00,213,c5ed7c3a043ac0,"Freibad Seebach",https://www.badi-info.ch/seebach.html,1,manual,"",0,2100,1064,-2
2020-06-24T15:09:45+02:00,211,c5ed7c35d2691a,"Freibad Mythenquai",https://www.badi-info.ch/Mythenquai.html,1,manual,"",0,4009,2061,0
2020-06-24T15:19:02+02:00,220,c5ed7c44f09fcd,"Hallenbad Bungertwies",https://www.badi-info.ch/bungertwies.html,1,manual,"",0,97,8,0
2020-06-24T15:20:24+02:00,207,c5ed7c2be2e1d1,"Freibad Heuried",https://www.badi-info.ch/heuried.html,1,manual,"",0,1760,1591,9
2020-06-24T15:20:25+02:00,206,c5ed7c2a3c5fa5,"Freibad Auhof",https://www.badi-info.ch/auhof.html,1,manual,"",0,1929,980,0
2020-06-24T15:20:42+02:00,218,c5ed7c41ae0016,"Freibad Wollishofen",https://www.badi-info.ch/wollishofen.html,1,manual,"",0,387,171,0
2020-06-24T15:20:58+02:00,208,c5ed7c2d6c3cfb,"Freibad Hölzli",https://www.badi-info.ch/zh/oberengstringen-schwimmbad.html,1,manual,"",0,2200,670,0
2020-06-24T15:22:16+02:00,219,c5ed7c43707dff,"Hallenbad Bläsi",https://www.badi-info.ch/blaesi.html,1,manual,"",0,101,13,0
2020-06-24T15:23:16+02:00,211,c5ed7c35d2691a,"Freibad Mythenquai",https://www.badi-info.ch/Mythenquai.html,1,manual,"",0,4009,1916,0
2020-06-24T15:23:18+02:00,210,c5ed7c34806fc3,"Hallenbad Oerlikon",https://www.badi-info.ch/oerlikon.html,1,manual,"",0,421,132,0
2020-06-24T15:23:23+02:00,221,c5ed7c466505e4,"Hallenbad Leimbach",https://www.badi-info.ch/zh/leimbach-hallenbad.html,1,manual,"",0,120,11,0
2020-06-24T15:23:31+02:00,213,c5ed7c3a043ac0,"Freibad Seebach",https://www.badi-info.ch/seebach.html,1,manual,"",0,2100,1072,-2
2020-06-24T15:24:03+02:00,216,c5ed7c3ecaf50b,"Flussbad Unterer Letten",https://www.badi-info.ch/Unterer_letten.html,1,manual,"",0,701,687,-1
2020-06-24T15:24:06+02:00,238,c5eda072893782,"Flussbad Au-Höngg",https://www.badi-info.ch/au_hoengg.html,1,manual,"",0,814,546,0
2020-06-24T15:24:09+02:00,214,c5ed7c3b370597,"Frauenbad Stadthausquai",https://www.badi-info.ch/stadthausquai.html,1,manual,"",0,147,136,0
2020-06-24T15:24:15+02:00,205,c5ed7c28b7b192,"Freibad Allenmoos",https://www.badi-info.ch/Allenmoos.html,1,manual,"",0,4020,2260,0
2020-06-24T15:24:25+02:00,72,c5eb1917e9eedc,"Freibad Letzigraben",https://www.badi-info.ch/letzi.html,1,manual,"",0,2970,1484,1
2020-06-24T15:24:33+02:00,215,c5ed7c3c97c5c1,"Freibad Tiefenbrunnen",https://www.badi-info.ch/Tiefenbrunnen.html,1,manual,"",0,2812,1345,0
2020-06-24T15:24:38+02:00,209,c5ed7c330546ea,"Seebad Katzensee",https://www.badi-info.ch/katzensee.html,1,manual,"",0,880,755,0
2020-06-24T15:26:55+02:00,208,c5ed7c2d6c3cfb,"Freibad Hölzli",https://www.badi-info.ch/zh/oberengstringen-schwimmbad.html,1,manual,"",0,2200,649,0
2020-06-24T15:30:00+02:00,221,c5ed7c466505e4,"Hallenbad Leimbach",https://www.badi-info.ch/zh/leimbach-hallenbad.html,1,manual,"",0,120,11,0
2020-06-24T15:31:13+02:00,210,c5ed7c34806fc3,"Hallenbad Oerlikon",https://www.badi-info.ch/oerlikon.html,1,manual,"",0,421,132,0
2020-06-24T15:32:18+02:00,238,c5eda072893782,"Flussbad Au-Höngg",https://www.badi-info.ch/au_hoengg.html,1,manual,"",0,814,558,0
2020-06-24T15:32:25+02:00,213,c5ed7c3a043ac0,"Freibad Seebach",https://www.badi-info.ch/seebach.html,1,manual,"",0,2100,1078,-2
2020-06-24T15:32:49+02:00,218,c5ed7c41ae0016,"Freibad Wollishofen",https://www.badi-info.ch/wollishofen.html,1,manual,"",0,387,170,0
2020-06-24T15:33:06+02:00,220,c5ed7c44f09fcd,"Hallenbad Bungertwies",https://www.badi-info.ch/bungertwies.html,1,manual,"",0,97,6,0
2020-06-24T15:33:14+02:00,206,c5ed7c2a3c5fa5,"Freibad Auhof",https://www.badi-info.ch/auhof.html,1,manual,"",0,1929,969,0
2020-06-24T15:33:40+02:00,71,c5eb19118e5824,"Hallenbad City Zürich",https://www.badi-info.ch/city.html,1,manual,"",0,365,69,0
2020-06-24T15:33:42+02:00,207,c5ed7c2be2e1d1,"Freibad Heuried",https://www.badi-info.ch/heuried.html,1,manual,"",0,1760,1592,9
2020-06-24T15:33:44+02:00,205,c5ed7c28b7b192,"Freibad Allenmoos",https://www.badi-info.ch/Allenmoos.html,1,manual,"",0,4020,2237,0
2020-06-24T15:33:51+02:00,211,c5ed7c35d2691a,"Freibad Mythenquai",https://www.badi-info.ch/Mythenquai.html,1,manual,"",0,4009,1896,0
2020-06-24T15:33:56+02:00,219,c5ed7c43707dff,"Hallenbad Bläsi",https://www.badi-info.ch/blaesi.html,1,manual,"",0,101,17,0
2020-06-24T15:33:57+02:00,72,c5eb1917e9eedc,"Freibad Letzigraben",https://www.badi-info.ch/letzi.html,1,manual,"",0,2970,1403,1
2020-06-24T15:34:02+02:00,216,c5ed7c3ecaf50b,"Flussbad Unterer Letten",https://www.badi-info.ch/Unterer_letten.html,1,manual,"",0,701,690,0
2020-06-24T15:34:03+02:00,214,c5ed7c3b370597,"Frauenbad Stadthausquai",https://www.badi-info.ch/stadthausquai.html,1,manual,"",0,147,144,0
2020-06-24T15:34:09+02:00,215,c5ed7c3c97c5c1,"Freibad Tiefenbrunnen",https://www.badi-info.ch/Tiefenbrunnen.html,1,manual,"",0,2812,1305,0
2020-06-24T15:34:14+02:00,209,c5ed7c330546ea,"Seebad Katzensee",https://www.badi-info.ch/katzensee.html,1,manual,"",0,880,749,0
2020-06-24T15:37:08+02:00,207,c5ed7c2be2e1d1,"Freibad Heuried",https://www.badi-info.ch/heuried.html,1,manual,"",0,1760,1604,9
2020-06-24T15:38:34+02:00,220,c5ed7c44f09fcd,"Hallenbad Bungertwies",https://www.badi-info.ch/bungertwies.html,1,manual,"",0,97,7,0
2020-06-24T15:40:26+02:00,208,c5ed7c2d6c3cfb,"Freibad Hölzli",https://www.badi-info.ch/zh/oberengstringen-schwimmbad.html,1,manual,"",0,2200,454,0
2020-06-24T15:41:11+02:00,210,c5ed7c34806fc3,"Hallenbad Oerlikon",https://www.badi-info.ch/oerlikon.html,1,manual,"",0,421,140,0
2020-06-24T15:41:41+02:00,205,c5ed7c28b7b192,"Freibad Allenmoos",https://www.badi-info.ch/Allenmoos.html,1,manual,"",0,4020,2242,0
2020-06-24T15:42:12+02:00,218,c5ed7c41ae0016,"Freibad Wollishofen",https://www.badi-info.ch/wollishofen.html,1,manual,"",0,387,172,0
2020-06-24T15:42:52+02:00,213,c5ed7c3a043ac0,"Freibad Seebach",https://www.badi-info.ch/seebach.html,1,manual,"",0,2100,1084,-2
2020-06-24T15:43:12+02:00,221,c5ed7c466505e4,"Hallenbad Leimbach",https://www.badi-info.ch/zh/leimbach-hallenbad.html,1,manual,"",0,120,12,0
2020-06-24T15:43:14+02:00,71,c5eb19118e5824,"Hallenbad City Zürich",https://www.badi-info.ch/city.html,1,manual,"",0,365,75,0
2020-06-24T15:43:21+02:00,214,c5ed7c3b370597,"Frauenbad Stadthausquai",https://www.badi-info.ch/stadthausquai.html,1,manual,"",0,147,143,0
2020-06-24T15:43:27+02:00,206,c5ed7c2a3c5fa5,"Freibad Auhof",https://www.badi-info.ch/auhof.html,1,manual,"",0,1929,951,0
2020-06-24T15:43:28+02:00,238,c5eda072893782,"Flussbad Au-Höngg",https://www.badi-info.ch/au_hoengg.html,1,manual,"",0,814,625,0
2020-06-24T15:43:48+02:00,72,c5eb1917e9eedc,"Freibad Letzigraben",https://www.badi-info.ch/letzi.html,1,manual,"",0,2970,1359,1
2020-06-24T15:43:49+02:00,216,c5ed7c3ecaf50b,"Flussbad Unterer Letten",https://www.badi-info.ch/Unterer_letten.html,1,manual,"",0,701,697,0
2020-06-24T15:43:52+02:00,212,c5ed7c38a83d5e,"Flussbad Oberer Letten",https://www.badi-info.ch/oberer_letten.html,1,manual,"",0,299,299,25
2020-06-24T15:43:54+02:00,215,c5ed7c3c97c5c1,"Freibad Tiefenbrunnen",https://www.badi-info.ch/Tiefenbrunnen.html,1,manual,"",0,2812,1238,0
2020-06-24T15:43:58+02:00,209,c5ed7c330546ea,"Seebad Katzensee",https://www.badi-info.ch/katzensee.html,1,manual,"",0,880,745,0
2020-06-24T15:44:04+02:00,211,c5ed7c35d2691a,"Freibad Mythenquai",https://www.badi-info.ch/Mythenquai.html,1,manual,"",0,4009,1797,0
2020-06-24T15:50:53+02:00,207,c5ed7c2be2e1d1,"Freibad Heuried",https://www.badi-info.ch/heuried.html,1,manual,"",0,1760,1581,9
2020-06-24T15:55:07+02:00,218,c5ed7c41ae0016,"Freibad Wollishofen",https://www.badi-info.ch/wollishofen.html,1,manual,"",0,387,174,0
2020-06-24T16:00:14+02:00,71,c5eb19118e5824,"Hallenbad City Zürich",https://www.badi-info.ch/city.html,1,manual,"",0,365,78,0
2020-06-24T16:02:35+02:00,212,c5ed7c38a83d5e,"Flussbad Oberer Letten",https://www.badi-info.ch/oberer_letten.html,1,manual,"",0,299,300,10
2020-06-24T16:02:59+02:00,208,c5ed7c2d6c3cfb,"Freibad Hölzli",https://www.badi-info.ch/zh/oberengstringen-schwimmbad.html,1,manual,"",0,2200,424,0
2020-06-24T16:03:10+02:00,219,c5ed7c43707dff,"Hallenbad Bläsi",https://www.badi-info.ch/blaesi.html,1,manual,"",0,101,19,0
2020-06-24T16:04:20+02:00,222,c5ed7c47e86f10,"Wärmebad Käferberg",https://www.badi-info.ch/kaeferberg.html,1,manual,"",0,70,3,0
2020-06-24T16:06:05+02:00,220,c5ed7c44f09fcd,"Hallenbad Bungertwies",https://www.badi-info.ch/bungertwies.html,1,manual,"",0,97,5,0
2020-06-24T16:06:21+02:00,221,c5ed7c466505e4,"Hallenbad Leimbach",https://www.badi-info.ch/zh/leimbach-hallenbad.html,1,manual,"",0,120,20,0
2020-06-24T16:06:52+02:00,213,c5ed7c3a043ac0,"Freibad Seebach",https://www.badi-info.ch/seebach.html,1,manual,"",0,2100,1031,-2
2020-06-24T16:08:10+02:00,72,c5eb1917e9eedc,"Freibad Letzigraben",https://www.badi-info.ch/letzi.html,1,manual,"",0,2970,1206,1
2020-06-24T16:08:14+02:00,205,c5ed7c28b7b192,"Freibad Allenmoos",https://www.badi-info.ch/Allenmoos.html,1,manual,"",0,4020,1670,0
2020-06-24T16:08:28+02:00,210,c5ed7c34806fc3,"Hallenbad Oerlikon",https://www.badi-info.ch/oerlikon.html,1,manual,"",0,421,95,0
2020-06-24T16:08:44+02:00,211,c5ed7c35d2691a,"Freibad Mythenquai",https://www.badi-info.ch/Mythenquai.html,1,manual,"",0,4009,1519,0
2020-06-24T16:08:51+02:00,214,c5ed7c3b370597,"Frauenbad Stadthausquai",https://www.badi-info.ch/stadthausquai.html,1,manual,"",0,147,131,0
2020-06-24T16:09:03+02:00,238,c5eda072893782,"Flussbad Au-Höngg",https://www.badi-info.ch/au_hoengg.html,1,manual,"",0,814,695,0
2020-06-24T16:09:04+02:00,216,c5ed7c3ecaf50b,"Flussbad Unterer Letten",https://www.badi-info.ch/Unterer_letten.html,1,manual,"",0,701,669,0
2020-06-24T16:09:05+02:00,215,c5ed7c3c97c5c1,"Freibad Tiefenbrunnen",https://www.badi-info.ch/Tiefenbrunnen.html,1,manual,"",0,2812,1083,0
2020-06-24T16:09:08+02:00,206,c5ed7c2a3c5fa5,"Freibad Auhof",https://www.badi-info.ch/auhof.html,1,manual,"",0,1929,824,0
2020-06-24T16:09:16+02:00,209,c5ed7c330546ea,"Seebad Katzensee",https://www.badi-info.ch/katzensee.html,1,manual,"",0,880,779,0
2020-06-24T16:09:55+02:00,219,c5ed7c43707dff,"Hallenbad Bläsi",https://www.badi-info.ch/blaesi.html,1,manual,"",0,101,16,0
2020-06-24T16:09:55+02:00,222,c5ed7c47e86f10,"Wärmebad Käferberg",https://www.badi-info.ch/kaeferberg.html,1,manual,"",0,70,5,0
2020-06-24T16:10:35+02:00,220,c5ed7c44f09fcd,"Hallenbad Bungertwies",https://www.badi-info.ch/bungertwies.html,1,manual,"",0,97,3,0
2020-06-24T16:15:17+02:00,205,c5ed7c28b7b192,"Freibad Allenmoos",https://www.badi-info.ch/Allenmoos.html,1,manual,"",0,4020,1721,0
2020-06-24T16:16:00+02:00,218,c5ed7c41ae0016,"Freibad Wollishofen",https://www.badi-info.ch/wollishofen.html,1,manual,"",0,387,139,0
2020-06-24T16:16:16+02:00,210,c5ed7c34806fc3,"Hallenbad Oerlikon",https://www.badi-info.ch/oerlikon.html,1,manual,"",0,421,95,0
2020-06-24T16:16:47+02:00,221,c5ed7c466505e4,"Hallenbad Leimbach",https://www.badi-info.ch/zh/leimbach-hallenbad.html,1,manual,"",0,120,22,0
2020-06-24T16:17:10+02:00,214,c5ed7c3b370597,"Frauenbad Stadthausquai",https://www.badi-info.ch/stadthausquai.html,1,manual,"",0,147,103,0
2020-06-24T16:17:43+02:00,216,c5ed7c3ecaf50b,"Flussbad Unterer Letten",https://www.badi-info.ch/Unterer_letten.html,1,manual,"",0,701,701,0
2020-06-24T16:17:48+02:00,211,c5ed7c35d2691a,"Freibad Mythenquai",https://www.badi-info.ch/Mythenquai.html,1,manual,"",0,4009,1416,0
2020-06-24T16:17:52+02:00,238,c5eda072893782,"Flussbad Au-Höngg",https://www.badi-info.ch/au_hoengg.html,1,manual,"",0,814,696,0
2020-06-24T16:17:52+02:00,72,c5eb1917e9eedc,"Freibad Letzigraben",https://www.badi-info.ch/letzi.html,1,manual,"",0,2970,1168,1
2020-06-24T16:17:55+02:00,209,c5ed7c330546ea,"Seebad Katzensee",https://www.badi-info.ch/katzensee.html,1,manual,"",0,880,778,0
2020-06-24T16:17:57+02:00,206,c5ed7c2a3c5fa5,"Freibad Auhof",https://www.badi-info.ch/auhof.html,1,manual,"",0,1929,790,0
2020-06-24T16:17:57+02:00,215,c5ed7c3c97c5c1,"Freibad Tiefenbrunnen",https://www.badi-info.ch/Tiefenbrunnen.html,1,manual,"",0,2812,1011,0
2020-06-24T16:18:02+02:00,213,c5ed7c3a043ac0,"Freibad Seebach",https://www.badi-info.ch/seebach.html,1,manual,"",0,2100,994,-2
2020-06-24T16:18:03+02:00,216,c5ed7c3ecaf50b,"Flussbad Unterer Letten",https://www.badi-info.ch/Unterer_letten.html,1,manual,"",0,701,701,0
2020-06-24T16:19:06+02:00,217,c5ed7c4013bd69,"Seebad Utoquai",https://www.badi-info.ch/Utoquai.html,1,manual,"",0,231,231,-2
2020-06-24T16:20:47+02:00,208,c5ed7c2d6c3cfb,"Freibad Hölzli",https://www.badi-info.ch/zh/oberengstringen-schwimmbad.html,1,manual,"",0,2200,378,0
2020-06-24T16:22:38+02:00,206,c5ed7c2a3c5fa5,"Freibad Auhof",https://www.badi-info.ch/auhof.html,1,manual,"",0,1929,737,0
2020-06-24T16:22:44+02:00,214,c5ed7c3b370597,"Frauenbad Stadthausquai",https://www.badi-info.ch/stadthausquai.html,1,manual,"",0,147,102,0
2020-06-24T16:23:37+02:00,213,c5ed7c3a043ac0,"Freibad Seebach",https://www.badi-info.ch/seebach.html,1,manual,"",0,2100,981,-2
2020-06-24T16:23:43+02:00,221,c5ed7c466505e4,"Hallenbad Leimbach",https://www.badi-info.ch/zh/leimbach-hallenbad.html,1,manual,"",0,120,22,0
2020-06-24T16:24:27+02:00,210,c5ed7c34806fc3,"Hallenbad Oerlikon",https://www.badi-info.ch/oerlikon.html,1,manual,"",0,421,83,0
2020-06-24T16:24:35+02:00,205,c5ed7c28b7b192,"Freibad Allenmoos",https://www.badi-info.ch/Allenmoos.html,1,manual,"",0,4020,1661,0
2020-06-24T16:24:56+02:00,238,c5eda072893782,"Flussbad Au-Höngg",https://www.badi-info.ch/au_hoengg.html,1,manual,"",0,814,658,0
2020-06-24T16:25:14+02:00,215,c5ed7c3c97c5c1,"Freibad Tiefenbrunnen",https://www.badi-info.ch/Tiefenbrunnen.html,1,manual,"",0,2812,938,0
2020-06-24T16:25:23+02:00,218,c5ed7c41ae0016,"Freibad Wollishofen",https://www.badi-info.ch/wollishofen.html,1,manual,"",0,387,120,0
2020-06-24T16:25:24+02:00,211,c5ed7c35d2691a,"Freibad Mythenquai",https://www.badi-info.ch/Mythenquai.html,1,manual,"",0,4009,1347,0
2020-06-24T16:25:24+02:00,209,c5ed7c330546ea,"Seebad Katzensee",https://www.badi-info.ch/katzensee.html,1,manual,"",0,880,793,0
2020-06-24T16:25:28+02:00,72,c5eb1917e9eedc,"Freibad Letzigraben",https://www.badi-info.ch/letzi.html,1,manual,"",0,2970,1101,1
2020-06-24T16:26:16+02:00,218,c5ed7c41ae0016,"Freibad Wollishofen",https://www.badi-info.ch/wollishofen.html,1,manual,"",0,387,117,0
2020-06-24T16:29:01+02:00,207,c5ed7c2be2e1d1,"Freibad Heuried",https://www.badi-info.ch/heuried.html,1,manual,"",0,1760,1564,10
2020-06-24T16:29:33+02:00,213,c5ed7c3a043ac0,"Freibad Seebach",https://www.badi-info.ch/seebach.html,1,manual,"",0,2100,919,-2
2020-06-24T16:29:48+02:00,220,c5ed7c44f09fcd,"Hallenbad Bungertwies",https://www.badi-info.ch/bungertwies.html,1,manual,"",0,97,2,0
2020-06-24T16:30:27+02:00,208,c5ed7c2d6c3cfb,"Freibad Hölzli",https://www.badi-info.ch/zh/oberengstringen-schwimmbad.html,1,manual,"",0,2200,367,0
2020-06-24T16:30:53+02:00,219,c5ed7c43707dff,"Hallenbad Bläsi",https://www.badi-info.ch/blaesi.html,1,manual,"",0,101,16,0
2020-06-24T16:31:03+02:00,222,c5ed7c47e86f10,"Wärmebad Käferberg",https://www.badi-info.ch/kaeferberg.html,1,manual,"",0,70,6,0
2020-06-24T16:31:39+02:00,206,c5ed7c2a3c5fa5,"Freibad Auhof",https://www.badi-info.ch/auhof.html,1,manual,"",0,1929,670,0
2020-06-24T16:31:55+02:00,205,c5ed7c28b7b192,"Freibad Allenmoos",https://www.badi-info.ch/Allenmoos.html,1,manual,"",0,4020,1603,0
2020-06-24T16:33:46+02:00,210,c5ed7c34806fc3,"Hallenbad Oerlikon",https://www.badi-info.ch/oerlikon.html,1,manual,"",0,421,83,0
2020-06-24T16:33:56+02:00,72,c5eb1917e9eedc,"Freibad Letzigraben",https://www.badi-info.ch/letzi.html,1,manual,"",0,2970,1086,1
2020-06-24T16:34:05+02:00,221,c5ed7c466505e4,"Hallenbad Leimbach",https://www.badi-info.ch/zh/leimbach-hallenbad.html,1,manual,"",0,120,26,0
2020-06-24T16:34:26+02:00,211,c5ed7c35d2691a,"Freibad Mythenquai",https://www.badi-info.ch/Mythenquai.html,1,manual,"",0,4009,1279,0
2020-06-24T16:34:33+02:00,238,c5eda072893782,"Flussbad Au-Höngg",https://www.badi-info.ch/au_hoengg.html,1,manual,"",0,814,642,0
2020-06-24T16:34:34+02:00,216,c5ed7c3ecaf50b,"Flussbad Unterer Letten",https://www.badi-info.ch/Unterer_letten.html,1,manual,"",0,701,695,2
2020-06-24T16:34:36+02:00,214,c5ed7c3b370597,"Frauenbad Stadthausquai",https://www.badi-info.ch/stadthausquai.html,1,manual,"",0,147,95,0
2020-06-24T16:34:38+02:00,215,c5ed7c3c97c5c1,"Freibad Tiefenbrunnen",https://www.badi-info.ch/Tiefenbrunnen.html,1,manual,"",0,2812,885,0
2020-06-24T16:34:47+02:00,209,c5ed7c330546ea,"Seebad Katzensee",https://www.badi-info.ch/katzensee.html,1,manual,"",0,880,804,0
2020-06-24T16:37:10+02:00,217,c5ed7c4013bd69,"Seebad Utoquai",https://www.badi-info.ch/Utoquai.html,1,manual,"",0,231,231,-2
2020-06-24T16:37:16+02:00,213,c5ed7c3a043ac0,"Freibad Seebach",https://www.badi-info.ch/seebach.html,1,manual,"",0,2100,917,-2
2020-06-24T16:40:02+02:00,221,c5ed7c466505e4,"Hallenbad Leimbach",https://www.badi-info.ch/zh/leimbach-hallenbad.html,1,manual,"",0,120,27,0
2020-06-24T16:40:59+02:00,207,c5ed7c2be2e1d1,"Freibad Heuried",https://www.badi-info.ch/heuried.html,1,manual,"",0,1760,1217,7
2020-06-24T16:41:32+02:00,238,c5eda072893782,"Flussbad Au-Höngg",https://www.badi-info.ch/au_hoengg.html,1,manual,"",0,814,640,1
2020-06-24T16:41:35+02:00,214,c5ed7c3b370597,"Frauenbad Stadthausquai",https://www.badi-info.ch/stadthausquai.html,1,manual,"",0,147,85,0
2020-06-24T16:43:40+02:00,205,c5ed7c28b7b192,"Freibad Allenmoos",https://www.badi-info.ch/Allenmoos.html,1,manual,"",0,4020,1589,0
2020-06-24T16:43:40+02:00,206,c5ed7c2a3c5fa5,"Freibad Auhof",https://www.badi-info.ch/auhof.html,1,manual,"",0,1929,606,0
2020-06-24T16:43:44+02:00,210,c5ed7c34806fc3,"Hallenbad Oerlikon",https://www.badi-info.ch/oerlikon.html,1,manual,"",0,421,76,0
2020-06-24T16:43:52+02:00,72,c5eb1917e9eedc,"Freibad Letzigraben",https://www.badi-info.ch/letzi.html,1,manual,"",0,2970,1085,1
2020-06-24T16:44:02+02:00,208,c5ed7c2d6c3cfb,"Freibad Hölzli",https://www.badi-info.ch/zh/oberengstringen-schwimmbad.html,1,manual,"",0,2200,320,0
2020-06-24T16:44:06+02:00,209,c5ed7c330546ea,"Seebad Katzensee",https://www.badi-info.ch/katzensee.html,1,manual,"",0,880,803,0
2020-06-24T16:44:13+02:00,215,c5ed7c3c97c5c1,"Freibad Tiefenbrunnen",https://www.badi-info.ch/Tiefenbrunnen.html,1,manual,"",0,2812,851,0
2020-06-24T16:44:31+02:00,216,c5ed7c3ecaf50b,"Flussbad Unterer Letten",https://www.badi-info.ch/Unterer_letten.html,1,manual,"",0,701,694,2
2020-06-24T16:44:49+02:00,211,c5ed7c35d2691a,"Freibad Mythenquai",https://www.badi-info.ch/Mythenquai.html,1,manual,"",0,4009,1239,0
2020-06-24T16:47:56+02:00,214,c5ed7c3b370597,"Frauenbad Stadthausquai",https://www.badi-info.ch/stadthausquai.html,1,manual,"",0,147,75,0
2020-06-24T16:48:24+02:00,208,c5ed7c2d6c3cfb,"Freibad Hölzli",https://www.badi-info.ch/zh/oberengstringen-schwimmbad.html,1,manual,"",0,2200,285,0
2020-06-24T16:50:34+02:00,205,c5ed7c28b7b192,"Freibad Allenmoos",https://www.badi-info.ch/Allenmoos.html,1,manual,"",0,4020,1484,0
2020-06-24T16:52:01+02:00,213,c5ed7c3a043ac0,"Freibad Seebach",https://www.badi-info.ch/seebach.html,1,manual,"",0,2100,902,-2
2020-06-24T16:53:11+02:00,206,c5ed7c2a3c5fa5,"Freibad Auhof",https://www.badi-info.ch/auhof.html,1,manual,"",0,1929,487,0
2020-06-24T16:53:11+02:00,211,c5ed7c35d2691a,"Freibad Mythenquai",https://www.badi-info.ch/Mythenquai.html,1,manual,"",0,4009,1194,0
2020-06-24T16:53:17+02:00,221,c5ed7c466505e4,"Hallenbad Leimbach",https://www.badi-info.ch/zh/leimbach-hallenbad.html,1,manual,"",0,120,35,0
2020-06-24T16:53:44+02:00,209,c5ed7c330546ea,"Seebad Katzensee",https://www.badi-info.ch/katzensee.html,1,manual,"",0,880,778,0
2020-06-24T16:54:02+02:00,72,c5eb1917e9eedc,"Freibad Letzigraben",https://www.badi-info.ch/letzi.html,1,manual,"",0,2970,1073,1
2020-06-24T16:54:07+02:00,216,c5ed7c3ecaf50b,"Flussbad Unterer Letten",https://www.badi-info.ch/Unterer_letten.html,1,manual,"",0,701,690,4
2020-06-24T16:54:11+02:00,238,c5eda072893782,"Flussbad Au-Höngg",https://www.badi-info.ch/au_hoengg.html,1,manual,"",0,814,642,1
2020-06-24T16:54:18+02:00,215,c5ed7c3c97c5c1,"Freibad Tiefenbrunnen",https://www.badi-info.ch/Tiefenbrunnen.html,1,manual,"",0,2812,811,0
2020-06-24T16:54:20+02:00,210,c5ed7c34806fc3,"Hallenbad Oerlikon",https://www.badi-info.ch/oerlikon.html,1,manual,"",0,421,78,0
2020-06-24T16:55:49+02:00,207,c5ed7c2be2e1d1,"Freibad Heuried",https://www.badi-info.ch/heuried.html,1,manual,"",0,1760,874,7
2020-06-24T17:05:09+02:00,213,c5ed7c3a043ac0,"Freibad Seebach",https://www.badi-info.ch/seebach.html,1,manual,"",0,2100,893,-2
2020-06-24T17:05:29+02:00,214,c5ed7c3b370597,"Frauenbad Stadthausquai",https://www.badi-info.ch/stadthausquai.html,1,manual,"",0,147,66,0
2020-06-24T17:06:39+02:00,208,c5ed7c2d6c3cfb,"Freibad Hölzli",https://www.badi-info.ch/zh/oberengstringen-schwimmbad.html,1,manual,"",0,2200,214,0
2020-06-24T17:07:40+02:00,210,c5ed7c34806fc3,"Hallenbad Oerlikon",https://www.badi-info.ch/oerlikon.html,1,manual,"",0,421,69,0
2020-06-24T17:08:14+02:00,222,c5ed7c47e86f10,"Wärmebad Käferberg",https://www.badi-info.ch/kaeferberg.html,1,manual,"",0,70,10,0
2020-06-24T17:08:28+02:00,209,c5ed7c330546ea,"Seebad Katzensee",https://www.badi-info.ch/katzensee.html,1,manual,"",0,880,757,0
2020-06-24T17:08:40+02:00,205,c5ed7c28b7b192,"Freibad Allenmoos",https://www.badi-info.ch/Allenmoos.html,1,manual,"",0,4020,1354,0
2020-06-24T17:08:42+02:00,238,c5eda072893782,"Flussbad Au-Höngg",https://www.badi-info.ch/au_hoengg.html,1,manual,"",0,814,597,1
2020-06-24T17:08:46+02:00,72,c5eb1917e9eedc,"Freibad Letzigraben",https://www.badi-info.ch/letzi.html,1,manual,"",0,2970,985,1
2020-06-24T17:08:59+02:00,206,c5ed7c2a3c5fa5,"Freibad Auhof",https://www.badi-info.ch/auhof.html,1,manual,"",0,1929,392,0
2020-06-24T17:09:02+02:00,216,c5ed7c3ecaf50b,"Flussbad Unterer Letten",https://www.badi-info.ch/Unterer_letten.html,1,manual,"",0,701,675,0
2020-06-24T17:09:06+02:00,221,c5ed7c466505e4,"Hallenbad Leimbach",https://www.badi-info.ch/zh/leimbach-hallenbad.html,1,manual,"",0,120,36,0
2020-06-24T17:09:12+02:00,211,c5ed7c35d2691a,"Freibad Mythenquai",https://www.badi-info.ch/Mythenquai.html,1,manual,"",0,4009,1088,0
2020-06-24T17:09:17+02:00,215,c5ed7c3c97c5c1,"Freibad Tiefenbrunnen",https://www.badi-info.ch/Tiefenbrunnen.html,1,manual,"",0,2812,733,0
2020-06-24T17:13:15+02:00,221,c5ed7c466505e4,"Hallenbad Leimbach",https://www.badi-info.ch/zh/leimbach-hallenbad.html,1,manual,"",0,120,36,0
2020-06-24T17:13:42+02:00,214,c5ed7c3b370597,"Frauenbad Stadthausquai",https://www.badi-info.ch/stadthausquai.html,1,manual,"",0,147,56,0
2020-06-24T17:13:54+02:00,213,c5ed7c3a043ac0,"Freibad Seebach",https://www.badi-info.ch/seebach.html,1,manual,"",0,2100,878,-2
2020-06-24T17:14:18+02:00,206,c5ed7c2a3c5fa5,"Freibad Auhof",https://www.badi-info.ch/auhof.html,1,manual,"",0,1929,348,0
2020-06-24T17:14:58+02:00,205,c5ed7c28b7b192,"Freibad Allenmoos",https://www.badi-info.ch/Allenmoos.html,1,manual,"",0,4020,1276,0
2020-06-24T17:15:03+02:00,215,c5ed7c3c97c5c1,"Freibad Tiefenbrunnen",https://www.badi-info.ch/Tiefenbrunnen.html,1,manual,"",0,2812,723,0
2020-06-24T17:15:41+02:00,212,c5ed7c38a83d5e,"Flussbad Oberer Letten",https://www.badi-info.ch/oberer_letten.html,1,manual,"",0,299,300,0
2020-06-24T17:16:18+02:00,211,c5ed7c35d2691a,"Freibad Mythenquai",https://www.badi-info.ch/Mythenquai.html,1,manual,"",0,4009,1023,0
2020-06-24T17:16:21+02:00,210,c5ed7c34806fc3,"Hallenbad Oerlikon",https://www.badi-info.ch/oerlikon.html,1,manual,"",0,421,65,0
2020-06-24T17:16:33+02:00,238,c5eda072893782,"Flussbad Au-Höngg",https://www.badi-info.ch/au_hoengg.html,1,manual,"",0,814,573,1
2020-06-24T17:16:53+02:00,216,c5ed7c3ecaf50b,"Flussbad Unterer Letten",https://www.badi-info.ch/Unterer_letten.html,1,manual,"",0,701,682,0
2020-06-24T17:16:59+02:00,72,c5eb1917e9eedc,"Freibad Letzigraben",https://www.badi-info.ch/letzi.html,1,manual,"",0,2970,914,0
2020-06-24T17:17:02+02:00,217,c5ed7c4013bd69,"Seebad Utoquai",https://www.badi-info.ch/Utoquai.html,1,manual,"",0,231,229,-2
2020-06-24T17:17:04+02:00,209,c5ed7c330546ea,"Seebad Katzensee",https://www.badi-info.ch/katzensee.html,1,manual,"",0,880,745,0
2020-06-24T17:18:59+02:00,214,c5ed7c3b370597,"Frauenbad Stadthausquai",https://www.badi-info.ch/stadthausquai.html,1,manual,"",0,147,51,0
2020-06-24T17:20:48+02:00,211,c5ed7c35d2691a,"Freibad Mythenquai",https://www.badi-info.ch/Mythenquai.html,1,manual,"",0,4009,999,0
2020-06-24T17:21:16+02:00,206,c5ed7c2a3c5fa5,"Freibad Auhof",https://www.badi-info.ch/auhof.html,1,manual,"",0,1929,332,0
2020-06-24T17:21:24+02:00,213,c5ed7c3a043ac0,"Freibad Seebach",https://www.badi-info.ch/seebach.html,1,manual,"",0,2100,870,-2
2020-06-24T17:23:30+02:00,222,c5ed7c47e86f10,"Wärmebad Käferberg",https://www.badi-info.ch/kaeferberg.html,1,manual,"",0,70,12,0
2020-06-24T17:23:34+02:00,210,c5ed7c34806fc3,"Hallenbad Oerlikon",https://www.badi-info.ch/oerlikon.html,1,manual,"",0,421,53,0
2020-06-24T17:23:57+02:00,72,c5eb1917e9eedc,"Freibad Letzigraben",https://www.badi-info.ch/letzi.html,1,manual,"",0,2970,853,5
2020-06-24T17:24:02+02:00,212,c5ed7c38a83d5e,"Flussbad Oberer Letten",https://www.badi-info.ch/oberer_letten.html,1,manual,"",0,299,295,0
2020-06-24T17:24:04+02:00,215,c5ed7c3c97c5c1,"Freibad Tiefenbrunnen",https://www.badi-info.ch/Tiefenbrunnen.html,1,manual,"",0,2812,698,0
2020-06-24T17:24:15+02:00,238,c5eda072893782,"Flussbad Au-Höngg",https://www.badi-info.ch/au_hoengg.html,1,manual,"",0,814,551,1
2020-06-24T17:24:17+02:00,216,c5ed7c3ecaf50b,"Flussbad Unterer Letten",https://www.badi-info.ch/Unterer_letten.html,1,manual,"",0,701,657,0
2020-06-24T17:24:19+02:00,217,c5ed7c4013bd69,"Seebad Utoquai",https://www.badi-info.ch/Utoquai.html,1,manual,"",0,231,227,-2
2020-06-24T17:24:21+02:00,205,c5ed7c28b7b192,"Freibad Allenmoos",https://www.badi-info.ch/Allenmoos.html,1,manual,"",0,4020,1189,0
2020-06-24T17:24:25+02:00,209,c5ed7c330546ea,"Seebad Katzensee",https://www.badi-info.ch/katzensee.html,1,manual,"",0,880,719,0
2020-06-24T17:24:26+02:00,221,c5ed7c466505e4,"Hallenbad Leimbach",https://www.badi-info.ch/zh/leimbach-hallenbad.html,1,manual,"",0,120,31,0
2020-06-24T17:26:29+02:00,214,c5ed7c3b370597,"Frauenbad Stadthausquai",https://www.badi-info.ch/stadthausquai.html,1,manual,"",1,147,0,0
2020-06-24T17:29:39+02:00,222,c5ed7c47e86f10,"Wärmebad Käferberg",https://www.badi-info.ch/kaeferberg.html,1,manual,"",0,70,19,0
2020-06-24T17:31:07+02:00,208,c5ed7c2d6c3cfb,"Freibad Hölzli",https://www.badi-info.ch/zh/oberengstringen-schwimmbad.html,1,manual,"",0,2200,135,0
2020-06-24T17:32:06+02:00,213,c5ed7c3a043ac0,"Freibad Seebach",https://www.badi-info.ch/seebach.html,1,manual,"",0,2100,840,-2
2020-06-24T17:32:50+02:00,210,c5ed7c34806fc3,"Hallenbad Oerlikon",https://www.badi-info.ch/oerlikon.html,1,manual,"",0,421,45,0
2020-06-24T17:32:55+02:00,217,c5ed7c4013bd69,"Seebad Utoquai",https://www.badi-info.ch/Utoquai.html,1,manual,"",0,231,217,-2
2020-06-24T17:33:15+02:00,216,c5ed7c3ecaf50b,"Flussbad Unterer Letten",https://www.badi-info.ch/Unterer_letten.html,1,manual,"",0,701,631,0
2020-06-24T17:33:26+02:00,221,c5ed7c466505e4,"Hallenbad Leimbach",https://www.badi-info.ch/zh/leimbach-hallenbad.html,1,manual,"",0,120,31,0
2020-06-24T17:33:34+02:00,207,c5ed7c2be2e1d1,"Freibad Heuried",https://www.badi-info.ch/heuried.html,1,manual,"",0,1760,516,7
2020-06-24T17:33:43+02:00,205,c5ed7c28b7b192,"Freibad Allenmoos",https://www.badi-info.ch/Allenmoos.html,1,manual,"",0,4020,1080,0
2020-06-24T17:33:57+02:00,206,c5ed7c2a3c5fa5,"Freibad Auhof",https://www.badi-info.ch/auhof.html,1,manual,"",0,1929,326,0
2020-06-24T17:34:02+02:00,238,c5eda072893782,"Flussbad Au-Höngg",https://www.badi-info.ch/au_hoengg.html,1,manual,"",0,814,543,1
2020-06-24T17:34:09+02:00,215,c5ed7c3c97c5c1,"Freibad Tiefenbrunnen",https://www.badi-info.ch/Tiefenbrunnen.html,1,manual,"",0,2812,633,0
2020-06-24T17:34:10+02:00,211,c5ed7c35d2691a,"Freibad Mythenquai",https://www.badi-info.ch/Mythenquai.html,1,manual,"",0,4009,870,0
2020-06-24T17:34:17+02:00,72,c5eb1917e9eedc,"Freibad Letzigraben",https://www.badi-info.ch/letzi.html,1,manual,"",0,2970,796,1
2020-06-24T17:34:18+02:00,209,c5ed7c330546ea,"Seebad Katzensee",https://www.badi-info.ch/katzensee.html,1,manual,"",0,880,694,0
2020-06-24T17:34:19+02:00,212,c5ed7c38a83d5e,"Flussbad Oberer Letten",https://www.badi-info.ch/oberer_letten.html,1,manual,"",0,299,281,0
2020-06-24T17:36:46+02:00,210,c5ed7c34806fc3,"Hallenbad Oerlikon",https://www.badi-info.ch/oerlikon.html,1,manual,"",0,421,45,0
2020-06-24T17:40:39+02:00,208,c5ed7c2d6c3cfb,"Freibad Hölzli",https://www.badi-info.ch/zh/oberengstringen-schwimmbad.html,1,manual,"",0,2200,106,0
2020-06-24T17:42:32+02:00,206,c5ed7c2a3c5fa5,"Freibad Auhof",https://www.badi-info.ch/auhof.html,1,manual,"",0,1929,290,0
2020-06-24T17:42:53+02:00,238,c5eda072893782,"Flussbad Au-Höngg",https://www.badi-info.ch/au_hoengg.html,1,manual,"",0,814,504,1
2020-06-24T17:43:20+02:00,72,c5eb1917e9eedc,"Freibad Letzigraben",https://www.badi-info.ch/letzi.html,1,manual,"",0,2970,722,1
2020-06-24T17:43:56+02:00,217,c5ed7c4013bd69,"Seebad Utoquai",https://www.badi-info.ch/Utoquai.html,1,manual,"",0,231,222,-2
2020-06-24T17:44:14+02:00,71,c5eb19118e5824,"Hallenbad City Zürich",https://www.badi-info.ch/city.html,1,manual,"",0,365,79,0
2020-06-24T17:44:16+02:00,211,c5ed7c35d2691a,"Freibad Mythenquai",https://www.badi-info.ch/Mythenquai.html,1,manual,"",0,4009,783,0
2020-06-24T17:44:32+02:00,215,c5ed7c3c97c5c1,"Freibad Tiefenbrunnen",https://www.badi-info.ch/Tiefenbrunnen.html,1,manual,"",0,2812,463,0
2020-06-24T17:44:38+02:00,205,c5ed7c28b7b192,"Freibad Allenmoos",https://www.badi-info.ch/Allenmoos.html,1,manual,"",0,4020,964,0
2020-06-24T17:45:11+02:00,209,c5ed7c330546ea,"Seebad Katzensee",https://www.badi-info.ch/katzensee.html,1,manual,"",0,880,663,0
2020-06-24T17:45:12+02:00,212,c5ed7c38a83d5e,"Flussbad Oberer Letten",https://www.badi-info.ch/oberer_letten.html,1,manual,"",0,299,255,0
2020-06-24T17:45:18+02:00,216,c5ed7c3ecaf50b,"Flussbad Unterer Letten",https://www.badi-info.ch/Unterer_letten.html,1,manual,"",0,701,587,0
2020-06-24T17:45:18+02:00,213,c5ed7c3a043ac0,"Freibad Seebach",https://www.badi-info.ch/seebach.html,1,manual,"",0,2100,767,-2
2020-06-24T17:45:21+02:00,207,c5ed7c2be2e1d1,"Freibad Heuried",https://www.badi-info.ch/heuried.html,1,manual,"",0,1760,240,7
2020-06-24T17:45:25+02:00,221,c5ed7c466505e4,"Hallenbad Leimbach",https://www.badi-info.ch/zh/leimbach-hallenbad.html,1,manual,"",0,120,30,0
