inventar_nummer,bezeichnung,urheber,geo,datum,masse,material_technik,sammlung,creditline,provenienz,kurzbeschreibung,literatur,bildnachweis,credits,dateiname
2009.137,"Patolu, Doppel-Ikat Seidensari, vohra gaji bhat",Standardkünstler,"Indien, Gujarat",um 1900,Textilfläche: 436 x 111 cm,Seide und Zari-Faden (Goldfaden) / Doppel-Ikat,Sammlung Eberhard Fischer,Geschenk Eberhard und Barbara Fischer,"Eberhard Fischer; Kunsthandel, Ahmedabad, Indien",,"Kontext: Textilien: Die Sammlung Eberhard Fischer: Geschenk (Teil 1: 2009) an das Museum Rietberg Zürich, hrsg./übers.: Museum Rietberg Zürich; Autor/in: Fischer, Eberhard; Zürich, 2009",,,2009.137.jpg
2009.158,"Patolu, Doppel-Ikat Seidensari, ratan chok bhat",Standardkünstler,"Indien, Gujarat",um 1900,Textilfläche: 372 x 130 cm,Seide und Zari-Faden (Goldfaden) / Doppel-Ikat,Sammlung Eberhard Fischer,Geschenk Eberhard und Barbara Fischer,"Eberhard Fischer; Kunsthandel, Ahmedabad, Indien",,"Kontext: Textilien: Die Sammlung Eberhard Fischer: Geschenk (Teil 1: 2009) an das Museum Rietberg Zürich, hrsg./übers.: Museum Rietberg Zürich; Autor/in: Fischer, Eberhard; Zürich, 2009",,,2009.158.jpg
2009.149,"Patolu, Doppel-Ikat Seidensari, vohra gaji bhat",Standardkünstler,"Indien, Gujarat",um 1900,Textilfläche: 428 x 116 cm,Seide und Zari-Faden (Goldfaden) / Doppel-Ikat,Sammlung Eberhard Fischer,Geschenk Eberhard und Barbara Fischer,"Kunsthandel, Ahmedabad, Indien; Eberhard Fischer",,"Kontext: Textilien: Die Sammlung Eberhard Fischer: Geschenk (Teil 1: 2009) an das Museum Rietberg Zürich, hrsg./übers.: Museum Rietberg Zürich; Autor/in: Fischer, Eberhard; Zürich, 2009",,,2009.149.jpg
2009.176,"Patolu, Doppel-Ikat Seidensari, gala vali bhat",Standardkünstler,"Indien, Gujarat",um 1900,Textilfläche: 442 x 104 cm,Seide / Doppel-Ikat,Sammlung Eberhard Fischer,Geschenk Eberhard und Barbara Fischer,"Kunsthandel, Ahmedabad, Indien; Eberhard Fischer",,"Kontext: Textilien: Die Sammlung Eberhard Fischer: Geschenk (Teil 1: 2009) an das Museum Rietberg Zürich, hrsg./übers.: Museum Rietberg Zürich; Autor/in: Fischer, Eberhard; Zürich, 2009",,,2009.176.jpg
2009.104,"Patolu, Doppel-Ikat odhani, tran ful bhat",Standardkünstler,"Indien, Gujarat",um 1900,Textilfläche: 224 x 82 cm,Seide und Zari-Faden (Silberfaden) / Doppel-Ikat,Sammlung Eberhard Fischer,Geschenk Eberhard und Barbara Fischer,"Eberhard Fischer; Kunsthandel, Ahmedabad, Indien",,"Kontext: Textilien: Die Sammlung Eberhard Fischer: Geschenk (Teil 1: 2009) an das Museum Rietberg Zürich, hrsg./übers.: Museum Rietberg Zürich; Autor/in: Fischer, Eberhard; Zürich, 2009",,,2009.104.jpg
2009.118,"Patolu, Doppel-Ikat Seidensari, nari kunjar bhat",Standardkünstler,"Indien, Gujarat",um 1900,Textilfläche: 380 x 134 cm,Seide und Zari-Faden (Goldfaden) / Doppel-Ikat,Sammlung Eberhard Fischer,Geschenk Eberhard und Barbara Fischer,"Kunsthandel, Ahmedabad, Indien; Eberhard Fischer",,"Kontext: Textilien: Die Sammlung Eberhard Fischer: Geschenk (Teil 1: 2009) an das Museum Rietberg Zürich, hrsg./übers.: Museum Rietberg Zürich; Autor/in: Fischer, Eberhard; Zürich, 2009",,,2009.118.jpg
2009.127,"Patolu, Doppel-Ikat Seidensari, popat kunjar bhat",Standardkünstler,"Indien, Gujarat",um 1900,Textilfläche: 432 x 131 cm,Seide und Zari-Faden (Goldfaden) / Doppel-Ikat,Sammlung Eberhard Fischer,Geschenk Eberhard und Barbara Fischer,"Eberhard Fischer; Kunsthandel, Ahmedabad, Indien",,"Kontext: Textilien: Die Sammlung Eberhard Fischer: Geschenk (Teil 1: 2009) an das Museum Rietberg Zürich, hrsg./übers.: Museum Rietberg Zürich; Autor/in: Fischer, Eberhard; Zürich, 2009",,,2009.127.jpg
2009.133,"Patolu, Doppel-Ikat Seidensari, vohra gaji bhat",Standardkünstler,"Indien, Gujarat",um 1900,Textilfläche: 433 x 114 cm,Seide und Zari-Faden (Goldfaden) / Doppel-Ikat,Sammlung Eberhard Fischer,Geschenk Eberhard und Barbara Fischer,"Eberhard Fischer; Kunsthandel, Ahmedabad, Indien",,"Kontext: Textilien: Die Sammlung Eberhard Fischer: Geschenk (Teil 1: 2009) an das Museum Rietberg Zürich, hrsg./übers.: Museum Rietberg Zürich; Autor/in: Fischer, Eberhard; Zürich, 2009",,,2009.133.jpg
2009.102,"Patolu, Doppel-Ikat Seidensari, fulvadi bhat",Standardkünstler,Indien,um 1900,Textilfläche: 352 x 101 cm,"Seide, Baumwolle? und Zari-Faden (Silberfaden) / Doppel-Ikat",Sammlung Eberhard Fischer,Geschenk Eberhard und Barbara Fischer,"Eberhard Fischer; Kunsthandel, Ahmedabad, Indien",,"Kontext: Textilien: Die Sammlung Eberhard Fischer: Geschenk (Teil 1: 2009) an das Museum Rietberg Zürich, hrsg./übers.: Museum Rietberg Zürich; Autor/in: Fischer, Eberhard; Zürich, 2009",,,2009.102.jpg
2009.86,"Patolu, Doppel-Ikat Seidensari, tran ful bhat",Standardkünstler,"Indien, Gujarat",um 1900,Textilfläche: 450 x 99 cm,Seide und Zari-Faden (Silberfaden) / Doppel-Ikat,Sammlung Eberhard Fischer,Geschenk Eberhard und Barbara Fischer,"Kunsthandel, Ahmedabad, Indien; Eberhard Fischer",,"Kontext: Textilien: Die Sammlung Eberhard Fischer: Geschenk (Teil 1: 2009) an das Museum Rietberg Zürich, hrsg./übers.: Museum Rietberg Zürich; Autor/in: Fischer, Eberhard; Zürich, 2009",,,2009.86.jpg
2009.94,"Patolu, Fragment eines Doppel-Ikat Seidensaris, tran ful bhat",Standardkünstler,"Indien, Gujarat",um 1900,Textilfläche: 175 x 98 cm,Seide und Zari-Faden (Silberfaden) / Doppel-Ikat,Sammlung Eberhard Fischer,Geschenk Eberhard und Barbara Fischer,"Kunsthandel, Ahmedabad, Indien; Eberhard Fischer",,"Kontext: Textilien: Die Sammlung Eberhard Fischer: Geschenk (Teil 1: 2009) an das Museum Rietberg Zürich, hrsg./übers.: Museum Rietberg Zürich; Autor/in: Fischer, Eberhard; Zürich, 2009",,,2009.94.jpg
2009.167,"Patolu, Doppel-Ikat Seidensari / odhani, ??",Standardkünstler,"Indien, Gujarat",um 1900,Textilfläche: 356 x 135 cm,Seide und Zari-Faden (Silberfaden) / Doppel-Ikat,Sammlung Eberhard Fischer,Geschenk Eberhard und Barbara Fischer,"Eberhard Fischer; Kunsthandel, Ahmedabad, Indien",,"Kontext: Textilien: Die Sammlung Eberhard Fischer: Geschenk (Teil 1: 2009) an das Museum Rietberg Zürich, hrsg./übers.: Museum Rietberg Zürich; Autor/in: Fischer, Eberhard; Zürich, 2009",,,2009.167.jpg
2009.177,"Patolu, Doppel-Ikat Seidensari, gala vali bhat",Standardkünstler,"Indien, Gujarat",um 1900,Textilfläche: 471 x 114 cm,Seide / Doppel-Ikat,Sammlung Eberhard Fischer,Geschenk Eberhard und Barbara Fischer,"Kunsthandel, Ahmedabad, Indien; Eberhard Fischer",,"Kontext: Textilien: Die Sammlung Eberhard Fischer: Geschenk (Teil 1: 2009) an das Museum Rietberg Zürich, hrsg./übers.: Museum Rietberg Zürich; Autor/in: Fischer, Eberhard; Zürich, 2009",,,2009.177.jpg
2009.54,"Patolu, Doppel-Ikat Seidensari, pan bhat",Standardkünstler,"Indien, Gujarat",um 1900,Textilfläche: 348 x 130 cm,"Seide (Faden, Kette) (Bemerkung: Farben Kette: weiss, gelb, rot, hellgrün, dunkelgrün, schwarz
Faden ungezwirnt); Seide (Faden, Eintrag) (Bemerkung: Farben Eintrag: weiss, gelb, rot, dunkelgrün, schwarz
Faden ungezwirnt); gewoben, Doppel-Ikat (Bemerkung: Bindung: Leinwand
Dichte: 20 x 22 / cm2

Musterung:
Rapporte Kette: 15
Rapporte Eintrag: 18 
Satzgrösse Kette: 6
Satzgrösse Eintrag: 8

Färbung/Musterungstechniken:
Reservemusterung im Garn
Eintrag-Abschluss: Fransen und abgeschnitten
)",Sammlung Eberhard Fischer,Geschenk Eberhard und Barbara Fischer,"Kunsthandel, Ahmedabad, Indien; Eberhard Fischer","Musterung/Ornamente:
Gruppe 1; Motiv Typ 1 (siehe Referenzen > Literatur)
Das Hauptfeld zeigt ""pan bhat"" Design, Blatt-Muster (leaf pattern).
Auffallend ist das reine Weiss; bei der unteren Endbordüre bewirken die roten Kett-Fäden verwoben mit orangen Eintrags-Fäden einen glänzenden Chanchan-Effekt; den Abschluss bei der oberen Endbordüre bildet ein Streifen im Eintrag-Ikat.
","Kontext: Textilien: Die Sammlung Eberhard Fischer: Geschenk (Teil 1: 2009) an das Museum Rietberg Zürich, hrsg./übers.: Museum Rietberg Zürich; Autor/in: Fischer, Eberhard; Zürich, 2009",,,2009.54.jpg
2009.110,"Patolu, Doppel-Ikat Seidensari, tran ful bhat",Standardkünstler,"Indien, Gujarat",um 1900,Textilfläche: 418 x 140 cm,Seide / Doppel-Ikat,Sammlung Eberhard Fischer,Geschenk Eberhard und Barbara Fischer,"Kunsthandel, Ahmedabad, Indien; Eberhard Fischer",,"Kontext: Textilien: Die Sammlung Eberhard Fischer: Geschenk (Teil 1: 2009) an das Museum Rietberg Zürich, hrsg./übers.: Museum Rietberg Zürich; Autor/in: Fischer, Eberhard; Zürich, 2009",,,2009.110.jpg
2009.100,"Patolu, Doppel-Ikat Gürtel, fulvadi bhat",Standardkünstler,Indonesien,um 1900,Textilfläche: 106 x 18 cm,Seide und Zari-Faden (Goldfaden) / Doppel-Ikat,Sammlung Eberhard Fischer,Geschenk Eberhard und Barbara Fischer,"Kunsthandel, Ahmedabad, Indien; Eberhard Fischer",,"Kontext: Textilien: Die Sammlung Eberhard Fischer: Geschenk (Teil 1: 2009) an das Museum Rietberg Zürich, hrsg./übers.: Museum Rietberg Zürich; Autor/in: Fischer, Eberhard; Zürich, 2009",,,2009.100.jpg
2009.67,"Patolu, Doppel-Ikat Seidensari, pan bhat",Standardkünstler,"Indien, Gujarat",um 1900,Textilfläche: 356 x 129 cm,Seide / Doppel-Ikat,Sammlung Eberhard Fischer,Geschenk Eberhard und Barbara Fischer,"Eberhard Fischer; Kunsthandel, Ahmedabad, Indien",,"Kontext: Textilien: Die Sammlung Eberhard Fischer: Geschenk (Teil 1: 2009) an das Museum Rietberg Zürich, hrsg./übers.: Museum Rietberg Zürich; Autor/in: Fischer, Eberhard; Zürich, 2009",,,2009.67.jpg
2009.181,"Patolu, Doppel-Ikat Seidensari, popat kunjar bhat",Standardkünstler,"Indien, Gujarat",um 1900,Textilfläche: 425 x 103 cm,Seide und Zari-Faden (Silberfaden) / Doppel-Ikat,Sammlung Eberhard Fischer,Geschenk Eberhard und Barbara Fischer,"Kunsthandel, Ahmedabad, Indien; Eberhard Fischer",,"Kontext: Textilien: Die Sammlung Eberhard Fischer: Geschenk (Teil 1: 2009) an das Museum Rietberg Zürich, hrsg./übers.: Museum Rietberg Zürich; Autor/in: Fischer, Eberhard; Zürich, 2009",,,2009.181.jpg
2009.61,"Patolu, Doppel-Ikat Seidensari, pan bhat",Standardkünstler,"Indien, Gujarat",um 1900,Textilfläche: 350 x 132 cm,Seide / Doppel-Ikat,Sammlung Eberhard Fischer,Geschenk Eberhard und Barbara Fischer,"Kunsthandel, Ahmedabad, Indien; Eberhard Fischer",,"Kontext: Textilien: Die Sammlung Eberhard Fischer: Geschenk (Teil 1: 2009) an das Museum Rietberg Zürich, hrsg./übers.: Museum Rietberg Zürich; Autor/in: Fischer, Eberhard; Zürich, 2009",,,2009.61.jpg
2009.85,"Patolu, Doppel-Ikat Seidensari, pan bhat",Standardkünstler,"Indien, Gujarat",um 1900,Textilfläche: 350 x 112 cm,Seide und Zari-Faden (Silberfaden) / Doppel-Ikat,Sammlung Eberhard Fischer,Geschenk Eberhard und Barbara Fischer,"Eberhard Fischer; Kunsthandel, Ahmedabad, Indien",,"Kontext: Textilien: Die Sammlung Eberhard Fischer: Geschenk (Teil 1: 2009) an das Museum Rietberg Zürich, hrsg./übers.: Museum Rietberg Zürich; Autor/in: Fischer, Eberhard; Zürich, 2009",,,2009.85.jpg
2009.135,"Patolu, Doppel-Ikat Seidensari, vorhra gaji bhat",Standardkünstler,"Indien, Gujarat",um 1900,Textilfläche: 440 x 114 cm,Seide und Zari-Faden (Silberfaden) / Doppel-Ikat,Sammlung Eberhard Fischer,Geschenk Eberhard und Barbara Fischer,"Kunsthandel, Ahmedabad, Indien; Eberhard Fischer",,"Kontext: Textilien: Die Sammlung Eberhard Fischer: Geschenk (Teil 1: 2009) an das Museum Rietberg Zürich, hrsg./übers.: Museum Rietberg Zürich; Autor/in: Fischer, Eberhard; Zürich, 2009",,,2009.135.jpg
2009.63,"Patolu, Fragment eines Doppel-Ikat Seidensaris, pan bhat",Standardkünstler,"Indien, Gujarat",um 1900,Textilfläche: 180 x 128 cm,Seide / Doppel-Ikat,Sammlung Eberhard Fischer,Geschenk Eberhard und Barbara Fischer,"Kunsthandel, Ahmedabad, Indien; Eberhard Fischer",,"Kontext: Textilien: Die Sammlung Eberhard Fischer: Geschenk (Teil 1: 2009) an das Museum Rietberg Zürich, hrsg./übers.: Museum Rietberg Zürich; Autor/in: Fischer, Eberhard; Zürich, 2009",,,2009.63.jpg
2009.170,"Patolu, Doppel-Ikat Seidensari / odhani, gala vali bhat",Standardkünstler,"Indien, Gujarat",1. Hälfte 20. Jh.,Textilfläche: 352 x 126 cm,Seide und Zari-Faden (Silberfaden) / Doppel-Ikat,Sammlung Eberhard Fischer,Geschenk Eberhard und Barbara Fischer,"Kunsthandel, Ahmedabad, Indien; Eberhard Fischer",,"Kontext: Textilien: Die Sammlung Eberhard Fischer: Geschenk (Teil 1: 2009) an das Museum Rietberg Zürich, hrsg./übers.: Museum Rietberg Zürich; Autor/in: Fischer, Eberhard; Zürich, 2009",,,2009.170.jpg
2009.68,"Patolu, Doppel-Ikat Seidensari, pan bhat",Standardkünstler,"Indien, Gujarat",um 1900,Textilfläche: 382 x 128 cm,Seide und Zari-Faden (Goldfaden) / Doppel-Ikat,Sammlung Eberhard Fischer,Geschenk Eberhard und Barbara Fischer,"Eberhard Fischer; Kunsthandel, Ahmedabad, Indien",,"Kontext: Textilien: Die Sammlung Eberhard Fischer: Geschenk (Teil 1: 2009) an das Museum Rietberg Zürich, hrsg./übers.: Museum Rietberg Zürich; Autor/in: Fischer, Eberhard; Zürich, 2009",,,2009.68.jpg
2009.146,"Patolu, Doppel-Ikat Seidensari, vohra gaji bhat",Standardkünstler,"Indien, Gujarat",um 1900,Textilfläche: 444 x 116 cm,Seide und Zari-Faden (Goldfaden) / Doppel-Ikat,Sammlung Eberhard Fischer,Geschenk Eberhard und Barbara Fischer,"Kunsthandel, Ahmedabad, Indien; Eberhard Fischer",,"Kontext: Textilien: Die Sammlung Eberhard Fischer: Geschenk (Teil 1: 2009) an das Museum Rietberg Zürich, hrsg./übers.: Museum Rietberg Zürich; Autor/in: Fischer, Eberhard; Zürich, 2009",,,2009.146.jpg
2009.143,"Patolu, Doppel-Ikat Seidensari, vohra gaji bhat",Standardkünstler,"Indien, Gujarat",um 1900,Textilfläche: 426 x 118 cm,Seide und Zari-Faden (Goldfaden) / Doppel-Ikat,Sammlung Eberhard Fischer,Geschenk Eberhard und Barbara Fischer,"Kunsthandel, Ahmedabad, Indien; Eberhard Fischer",,"Kontext: Textilien: Die Sammlung Eberhard Fischer: Geschenk (Teil 1: 2009) an das Museum Rietberg Zürich, hrsg./übers.: Museum Rietberg Zürich; Autor/in: Fischer, Eberhard; Zürich, 2009",,,2009.143.jpg
2009.112,"Patolu, Doppel-Ikat Hose, fulvadi bhat",Standardkünstler,"Indien, Gujarat",um 1900,,"Seide, Baumwolle und Zari-Faden (Goldfaden) / Doppel-Ikat",Sammlung Eberhard Fischer,Geschenk Eberhard und Barbara Fischer,"Eberhard Fischer; Kunsthandel, Ahmedabad, Indien",,"Kontext: Textilien: Die Sammlung Eberhard Fischer: Geschenk (Teil 1: 2009) an das Museum Rietberg Zürich, hrsg./übers.: Museum Rietberg Zürich; Autor/in: Fischer, Eberhard; Zürich, 2009",,,2009.112.jpg
2009.82,"Patolu, Doppel-Ikat Seidensari, pan bhat",Standardkünstler,"Indien, Gujarat",um 1900,Textilfläche: 367 x 104 cm,Seide und Zari-Faden (Silberfaden) / Doppel-Ikat,Sammlung Eberhard Fischer,Geschenk Eberhard und Barbara Fischer,"Eberhard Fischer; Kunsthandel, Ahmedabad, Indien",,"Kontext: Textilien: Die Sammlung Eberhard Fischer: Geschenk (Teil 1: 2009) an das Museum Rietberg Zürich, hrsg./übers.: Museum Rietberg Zürich; Autor/in: Fischer, Eberhard; Zürich, 2009",,,2009.82.jpg
2009.66,"Patolu, Doppel-Ikat Seidensari, pan bhat",Standardkünstler,"Indien, Gujarat",um 1900,Textilfläche: 360 x 135 cm,Seide / Doppel-Ikat,Sammlung Eberhard Fischer,Geschenk Eberhard und Barbara Fischer,"Kunsthandel, Ahmedabad, Indien; Eberhard Fischer",,"Kontext: Textilien: Die Sammlung Eberhard Fischer: Geschenk (Teil 1: 2009) an das Museum Rietberg Zürich, hrsg./übers.: Museum Rietberg Zürich; Autor/in: Fischer, Eberhard; Zürich, 2009",,,2009.66.jpg
2009.132,"Patolu, Doppel-Ikat Seidensari, vohra gaji bhat",Standardkünstler,"Indien, Gujarat",um 1900,Textilfläche: 434 x 113 cm,Seide und Zari-Faden (Goldfaden) / Doppel-Ikat,Sammlung Eberhard Fischer,Geschenk Eberhard und Barbara Fischer,"Eberhard Fischer; Kunsthandel, Ahmedabad, Indien",,"Kontext: Textilien: Die Sammlung Eberhard Fischer: Geschenk (Teil 1: 2009) an das Museum Rietberg Zürich, hrsg./übers.: Museum Rietberg Zürich; Autor/in: Fischer, Eberhard; Zürich, 2009",,,2009.132.jpg
2009.175,"Patolu, Doppel-Ikat Seidensari / odhani, gala vali bhat",Standardkünstler,"Indien, Gujarat",um 1900,Textilfläche: 398 x 131 cm,Seide und Zari-Faden (Silberfaden) / Doppel-Ikat,Sammlung Eberhard Fischer,Geschenk Eberhard und Barbara Fischer,"Eberhard Fischer; Kunsthandel, Ahmedabad, Indien",,"Kontext: Textilien: Die Sammlung Eberhard Fischer: Geschenk (Teil 1: 2009) an das Museum Rietberg Zürich, hrsg./übers.: Museum Rietberg Zürich; Autor/in: Fischer, Eberhard; Zürich, 2009",,,2009.175.jpg
2009.71,"Patolu, Doppel-Ikat Seidensari, pan bhat",Standardkünstler,"Indien, Gujarat",um 1900,Textilfläche: 346 x 128 cm,"Seide, Baumwolle / Doppel-Ikat / Bandhani",Sammlung Eberhard Fischer,Geschenk Eberhard und Barbara Fischer,"Eberhard Fischer; Kunsthandel, Ahmedabad, Indien",,"Kontext: Textilien: Die Sammlung Eberhard Fischer: Geschenk (Teil 1: 2009) an das Museum Rietberg Zürich, hrsg./übers.: Museum Rietberg Zürich; Autor/in: Fischer, Eberhard; Zürich, 2009",,,2009.71_1.jpg
2009.76,"Patolu, Fragment eines Doppel-Ikat Seidensaris, pan bhat",Standardkünstler,"Indien, Gujarat",um 1900,Textilfläche: 240 x 116 cm,Seide und Zari-Faden (Silberfaden) / Doppel-Ikat,Sammlung Eberhard Fischer,Geschenk Eberhard und Barbara Fischer,"Eberhard Fischer; Kunsthandel, Ahmedabad, Indien",,"Kontext: Textilien: Die Sammlung Eberhard Fischer: Geschenk (Teil 1: 2009) an das Museum Rietberg Zürich, hrsg./übers.: Museum Rietberg Zürich; Autor/in: Fischer, Eberhard; Zürich, 2009",,,2009.76.jpg
2009.59,"Patolu, Doppel-Ikat Seidensari, pan bhat",Standardkünstler,"Indien, Gujarat",um 1900,Textilfläche: 380 x 133 cm,"Seide (Faden, Kette) (Bemerkung: Farben: weiss. gelb, rot, blau, grün, violett
Faden ungezwirnt); Seide (Faden, Eintrag) (Bemerkung: Farben: weiss. gelb, rot, blau, grün, violett
Faden ungezwirnt); gewoben, Doppel-Ikat (Bemerkung: Bindung: Leinwand
Dichte: 22 x 24 cm2

Musterung:
Rapporte Kette: 15
Rapporte Eintrag: 18
Satzgrösse Kette: 6
Satzgrösse Eintrag: 8 

Färbung/Musterungtechniken:
Reservemusterung im Garn
Zusatz-Eintrag: Zari-Faden in Querstreifen der oberen Endbordüre
Eintrag-Abschluss: Fransen und abgeschnitten); Zari (Silberfaden, Zusatz-Eintrag) (Bemerkung: mit Silber umwickelter gelber Seidenfaden)",Sammlung Eberhard Fischer,Geschenk Eberhard und Barbara Fischer,"1968–2009: Eberhard Fischer; 1968: Kunsthandel, Ahmedabad, Indien","Musterung/Ornamente:
Gruppe 1; Motiv Typ 1 (siehe Referenzen > Literatur)
Das Hauptfeld zeigt ""pan bhat"" Design,  Blatt-Muster (leaf pattern).
Die obere Endbordüre hat eine Partie mit Silberfaden (zari), welche beidseitig in schmäleren Streifen durch die Längsbordüren an die seitlichen Webkanten auslaufen.","Kontext: Textilien: Die Sammlung Eberhard Fischer: Geschenk (Teil 1: 2009) an das Museum Rietberg Zürich, hrsg./übers.: Museum Rietberg Zürich; Autor/in: Fischer, Eberhard; Zürich, 2009; Comparison: Indian Ikat Textiles, Autor/in: Crill, Rosemary; London, 1998, P. 32/33, Pic. p. Plate 23; Comparison: Indian Tie-Dyed Fabrics, Autor/in: Bühler, Alfred; Autor/in: Eberhard Fischer; Autor/in: Marie-Louise Nabholz; Ahmedabad, 1980, P. 23/24, Pic. p. Colour Plate 1, Plate 11, 13A/1; Kontext: The Patola of Gujarat: Double Ikat in India, Autor/in: Bühler, Alfred; Autor/in: Eberhard Fischer; Übersetzer: Walliser-Schwarzbart, Eileen; Übersetzer: Iyer, B. V. ; Basel, 1979, P. 16–28, Vol. 1, Pic. p. Plate 1, Vol. 2","© Museum Rietberg Zürich, Foto: Christoph von Viràg","This work is licensed under a Creative Commons Attribution Share-Alike [4.0] License.  https://creativecommons.org/licenses/by-sa/4.0/legalcode 
Attribution: Patolu, Doppel-Ikat Seidensari, pan bhat, Indien, Gujarat, um 1900, Museum Rietberg Zürich, Sammlung Eberhard Fischer, Inv.-Nr. 2009.59, Geschenk Eberhard und Barbara Fischer, © Museum Rietberg Zürich, Foto: Christoph von Viràg",2009.59.jpg
2009.172,"Patolu, Doppel-Ikat Seidensari / odhani, gala vali bhat",Standardkünstler,"Indien, Gujarat",um 1900,Textilfläche: 338 x 108 cm,Seide / Doppel-Ikat,Sammlung Eberhard Fischer,Geschenk Eberhard und Barbara Fischer,"Kunsthandel, Ahmedabad, Indien; Eberhard Fischer",,"Kontext: Textilien: Die Sammlung Eberhard Fischer: Geschenk (Teil 1: 2009) an das Museum Rietberg Zürich, hrsg./übers.: Museum Rietberg Zürich; Autor/in: Fischer, Eberhard; Zürich, 2009",,,2009.172.jpg
2009.123,"Patolu, Doppel-Ikat Seidensari, popat kunjar bhat",Standardkünstler,"Indien, Gujarat",um 1900,Textilfläche: 388 x 139 cm,Seide / Doppel-Ikat,Sammlung Eberhard Fischer,Geschenk Eberhard und Barbara Fischer,"Kunsthandel, Ahmedabad, Indien; Eberhard Fischer",,"Kontext: Textilien: Die Sammlung Eberhard Fischer: Geschenk (Teil 1: 2009) an das Museum Rietberg Zürich, hrsg./übers.: Museum Rietberg Zürich; Autor/in: Fischer, Eberhard; Zürich, 2009",,,2009.123.jpg
2009.69,"Patolu, Doppel-Ikat Seidensari, pan bhat",Standardkünstler,"Indien, Gujarat",um 1900,Textilfläche: 272 x 148 cm,Seide / Doppel-Ikat,Sammlung Eberhard Fischer,Geschenk Eberhard und Barbara Fischer,"Kunsthandel, Ahmedabad, Indien; Eberhard Fischer",,"Kontext: Textilien: Die Sammlung Eberhard Fischer: Geschenk (Teil 1: 2009) an das Museum Rietberg Zürich, hrsg./übers.: Museum Rietberg Zürich; Autor/in: Fischer, Eberhard; Zürich, 2009",,,2009.69.jpg
2009.91,"Patolu, Doppel-Ikat Seidensari, tran ful bhat",Standardkünstler,"Indien, Gujarat",um 1900,Textilfläche: 479 x 11 cm,Seide und Zari-Faden (Goldfaden) / Doppel-Ikat,Sammlung Eberhard Fischer,Geschenk Eberhard und Barbara Fischer,"Eberhard Fischer; Kunsthandel, Ahmedabad, Indien",,"Kontext: Textilien: Die Sammlung Eberhard Fischer: Geschenk (Teil 1: 2009) an das Museum Rietberg Zürich, hrsg./übers.: Museum Rietberg Zürich; Autor/in: Fischer, Eberhard; Zürich, 2009",,,2009.91.jpg
2009.174,"Patolu, Doppel-Ikat Seidensari / odhani, gala vali bhat",Standardkünstler,"Indien, Gujarat",um 1900,Textilfläche: 375 x 102 cm,Seide und Zari-Faden (Silberfaden) / Doppel-Ikat,Sammlung Eberhard Fischer,Geschenk Eberhard und Barbara Fischer,"Kunsthandel, Ahmedabad, Indien; Eberhard Fischer",,"Kontext: Textilien: Die Sammlung Eberhard Fischer: Geschenk (Teil 1: 2009) an das Museum Rietberg Zürich, hrsg./übers.: Museum Rietberg Zürich; Autor/in: Fischer, Eberhard; Zürich, 2009",,,2009.174.jpg
2009.78,"Patolu, Doppel-Ikat Seidensari, pan bhat",Standardkünstler,"Indien, Gujarat",um 1900,Textilfläche: 348 x 132 cm,Seide / Doppel-Ikat,Sammlung Eberhard Fischer,Geschenk Eberhard und Barbara Fischer,"Kunsthandel, Ahmedabad, Indien; Eberhard Fischer",,"Kontext: Textilien: Die Sammlung Eberhard Fischer: Geschenk (Teil 1: 2009) an das Museum Rietberg Zürich, hrsg./übers.: Museum Rietberg Zürich; Autor/in: Fischer, Eberhard; Zürich, 2009",,,2009.78.jpg
2009.128,"Patolu, Doppel-Ikat Seidensari, popat kunjar bhat",Standardkünstler,"Indien, Gujarat",um 1900,Textilfläche: 318 x 135 cm,Seide und Zari-Faden (Goldfaden) / Doppel-Ikat,Sammlung Eberhard Fischer,Geschenk Eberhard und Barbara Fischer,"Eberhard Fischer; Kunsthandel, Ahmedabad, Indien",,"Kontext: Textilien: Die Sammlung Eberhard Fischer: Geschenk (Teil 1: 2009) an das Museum Rietberg Zürich, hrsg./übers.: Museum Rietberg Zürich; Autor/in: Fischer, Eberhard; Zürich, 2009",,,2009.128.jpg
2009.65,"Patolu, Doppel-Ikat Seidensari, pan bhat",Standardkünstler,"Indien, Gujarat",um 1900,Textilfläche: 308 x 128 cm,Seide und  Zari-Faden (Goldfaden) / Doppel-Ikat,Sammlung Eberhard Fischer,Geschenk Eberhard und Barbara Fischer,"Eberhard Fischer; Kunsthandel, Ahmedabad, Indien",,"Kontext: Textilien: Die Sammlung Eberhard Fischer: Geschenk (Teil 1: 2009) an das Museum Rietberg Zürich, hrsg./übers.: Museum Rietberg Zürich; Autor/in: Fischer, Eberhard; Zürich, 2009",,,2009.65.jpg
2009.77,"Patolu, Fragment eines Doppel-Ikat Seidensaris, pan bhat",Standardkünstler,"Indien, Gujarat",um 1900,Textilfläche: 361 x 107 cm,Seide und Zari-Faden (Goldfaden) / Doppel-Ikat,Sammlung Eberhard Fischer,Geschenk Eberhard und Barbara Fischer,"Kunsthandel, Ahmedabad, Indien; Eberhard Fischer",,"Kontext: Textilien: Die Sammlung Eberhard Fischer: Geschenk (Teil 1: 2009) an das Museum Rietberg Zürich, hrsg./übers.: Museum Rietberg Zürich; Autor/in: Fischer, Eberhard; Zürich, 2009",,,2009.77.jpg
2009.161,"Patolu, Doppel-Ikat Seidensari, ratan chok bhat",Standardkünstler,"Indien, Gujarat",um 1900,Textilfläche: 353 x 128 cm,Seide und Zari-Faden (Silberfaden) / Doppel-Ikat,Sammlung Eberhard Fischer,Geschenk Eberhard und Barbara Fischer,"Kunsthandel, Ahmedabad, Indien; Eberhard Fischer",,"Kontext: Textilien: Die Sammlung Eberhard Fischer: Geschenk (Teil 1: 2009) an das Museum Rietberg Zürich, hrsg./übers.: Museum Rietberg Zürich; Autor/in: Fischer, Eberhard; Zürich, 2009",,,2009.161.jpg
2009.64,"Patolu, Doppel-Ikat Seidensaris, pan bhat",Standardkünstler,"Indien, Gujarat",um 1900,Textilfläche: 345 x 135 cm,Seide / Doppel-Ikat,Sammlung Eberhard Fischer,Geschenk Eberhard und Barbara Fischer,"Eberhard Fischer; Kunsthandel, Ahmedabad, Indien",,"Kontext: Textilien: Die Sammlung Eberhard Fischer: Geschenk (Teil 1: 2009) an das Museum Rietberg Zürich, hrsg./übers.: Museum Rietberg Zürich; Autor/in: Fischer, Eberhard; Zürich, 2009",,,2009.64.jpg
2009.164,"Patolu, Doppel-Ikat Seidensari, ratan chok bhat",Standardkünstler,"Indien, Gujarat",um 1900,Textilfläche: 361 x 131 cm,Seide und Zari-Faden (Silberfaden) / Doppel-Ikat,Sammlung Eberhard Fischer,Geschenk Eberhard und Barbara Fischer,"Eberhard Fischer; Kunsthandel, Ahmedabad, Indien",,"Kontext: Textilien: Die Sammlung Eberhard Fischer: Geschenk (Teil 1: 2009) an das Museum Rietberg Zürich, hrsg./übers.: Museum Rietberg Zürich; Autor/in: Fischer, Eberhard; Zürich, 2009",,,2009.164.jpg
2009.129,"Patolu, Doppel-Ikat zeremonielles Tuch, vagh bhat",Standardkünstler,"Indien, Gujarat",um 1900,Textilfläche: 408 x 102 cm,Seide / Doppel-Ikat,Sammlung Eberhard Fischer,Geschenk Eberhard und Barbara Fischer,"Eberhard Fischer; Kunsthandel, Ahmedabad, Indien",,"Kontext: Textilien: Die Sammlung Eberhard Fischer: Geschenk (Teil 1: 2009) an das Museum Rietberg Zürich, hrsg./übers.: Museum Rietberg Zürich; Autor/in: Fischer, Eberhard; Zürich, 2009",,,2009.129.jpg
2009.87,"Patolu, Fragment eines Doppel-Ikat Seidensaris, tran ful bhat",Standardkünstler,"Indien, Gujarat",um 1900,Textilfläche: 358 x 98 cm,Seide / Doppel-Ikat,Sammlung Eberhard Fischer,Geschenk Eberhard und Barbara Fischer,"Eberhard Fischer; Kunsthandel, Ahmedabad, Indien",,"Kontext: Textilien: Die Sammlung Eberhard Fischer: Geschenk (Teil 1: 2009) an das Museum Rietberg Zürich, hrsg./übers.: Museum Rietberg Zürich; Autor/in: Fischer, Eberhard; Zürich, 2009",,,2009.87.jpg
2009.169,"Patolu, Fragment eines Doppel-Ikat Seidensaris, chhabadi bhat",Standardkünstler,"Indien, Gujarat",um 1900,Textilfläche: 130 x 69 cm,Seide / Doppel-Ikat,Sammlung Eberhard Fischer,Geschenk Eberhard und Barbara Fischer,"Eberhard Fischer; Kunsthandel, Ahmedabad, Indien",,"Kontext: Textilien: Die Sammlung Eberhard Fischer: Geschenk (Teil 1: 2009) an das Museum Rietberg Zürich, hrsg./übers.: Museum Rietberg Zürich; Autor/in: Fischer, Eberhard; Zürich, 2009",,,2009.169.jpg
2009.145,"Patolu, Fragment eines Doppel-Ikat Seidensari, vohra gaji bhat",Standardkünstler,"Indien, Gujarat",um 1900,Textilfläche: 334 x 114 cm,Seide / Doppel-Ikat,Sammlung Eberhard Fischer,Geschenk Eberhard und Barbara Fischer,"Kunsthandel, Ahmedabad, Indien; Eberhard Fischer",,"Kontext: Textilien: Die Sammlung Eberhard Fischer: Geschenk (Teil 1: 2009) an das Museum Rietberg Zürich, hrsg./übers.: Museum Rietberg Zürich; Autor/in: Fischer, Eberhard; Zürich, 2009",,,2009.145.jpg
2009.153,"Patolu, Doppel-Ikat Kinderrock ?, vohra gaji bhat",Standardkünstler,"Indien, Gujarat",um 1900,Objektmass: 84 x 100 cm,Seide / Doppel-Ikat,Sammlung Eberhard Fischer,Geschenk Eberhard und Barbara Fischer,"Kunsthandel, Ahmedabad, Indien; Eberhard Fischer",,"Kontext: Textilien: Die Sammlung Eberhard Fischer: Geschenk (Teil 1: 2009) an das Museum Rietberg Zürich, hrsg./übers.: Museum Rietberg Zürich; Autor/in: Fischer, Eberhard; Zürich, 2009",,,2009.153.jpg
2009.58,"Patolu, Doppel-Ikat Seidensari, pan bhat",Standardkünstler,"Indien, Gujarat",um 1900,Textilfläche: 363 x 133 cm,"Seide (Faden, Kette) (Bemerkung: Farben Kette: weiss, gelb, orange, rot, blaugrün, violett
Faden ungezwirnt); Seide (Faden, Eintrag) (Bemerkung: Farben Eintrag: weiss, gelb, orange, rot, blaugrün, violett
Faden ungezwirnt); gewoben, Doppel-Ikat (Bemerkung: Bindung: Leinwand
Dichte: 24 x 26 / cm2

Musterung:
Rapporte Kette: 15
Rapporte Eintrag: 18
Satzgrösse Kette: 6
Satzgrösse Eintrag: 6, 7 

Färbung/Musterungtechniken:
Reservemusterung im Garn 
Eintrag-Abschluss: Fransen und abgeschnitten
)",Sammlung Eberhard Fischer,Geschenk Eberhard und Barbara Fischer,"Kunsthandel, Ahmedabad, Indien; Eberhard Fischer","Musterung/Ornamente:
Gruppe 1; Motiv Typ 1 (siehe Referenzen > Literatur)
Das Hauptfeld zeigt ""pan bhat"" Design, Blatt-Muster ( leaf pattern).
","Kontext: Textilien: Die Sammlung Eberhard Fischer: Geschenk (Teil 1: 2009) an das Museum Rietberg Zürich, hrsg./übers.: Museum Rietberg Zürich; Autor/in: Fischer, Eberhard; Zürich, 2009",,,2009.58.jpg
2009.72,"Patolu, Doppel-Ikat Seidensari, pan bhat",Standardkünstler,"Indien, Gujarat",um 1900,Textilfläche: 370 x 112 cm,Seide und Zari-Faden (Silberfaden) / Doppel-Ikat,Sammlung Eberhard Fischer,Geschenk Eberhard und Barbara Fischer,"Eberhard Fischer; Kunsthandel, Ahmedabad, Indien",,"Kontext: Textilien: Die Sammlung Eberhard Fischer: Geschenk (Teil 1: 2009) an das Museum Rietberg Zürich, hrsg./übers.: Museum Rietberg Zürich; Autor/in: Fischer, Eberhard; Zürich, 2009",,,2009.72.jpg
2009.75,"Patolu, Doppel-Ikat Seidensari mit Baumwoll-Kettfäden in den Längsbordüren, pan bhat",Standardkünstler,"Indien, Gujarat",um 1900,Textilfläche: 358 x 134 cm,"Seide, Baumwolle, Goldfaden und Silberfaden (Zari-Fäden) / Doppel-Ikat",Sammlung Eberhard Fischer,Geschenk Eberhard und Barbara Fischer,"Eberhard Fischer; Kunsthandel, Ahmedabad, Indien",,"Kontext: Textilien: Die Sammlung Eberhard Fischer: Geschenk (Teil 1: 2009) an das Museum Rietberg Zürich, hrsg./übers.: Museum Rietberg Zürich; Autor/in: Fischer, Eberhard; Zürich, 2009",,,2009.75.jpg
2009.114,"Patolu, Doppel-Ikat Gürtel ?, tran ful bhat",Standardkünstler,"Indien, Gujarat",um 1900,Textilfläche: 161 x 12 cm,Seide / Doppel-Ikat,Sammlung Eberhard Fischer,Geschenk Eberhard und Barbara Fischer,"Eberhard Fischer; Kunsthandel, Ahmedabad, Indien",,"Kontext: Textilien: Die Sammlung Eberhard Fischer: Geschenk (Teil 1: 2009) an das Museum Rietberg Zürich, hrsg./übers.: Museum Rietberg Zürich; Autor/in: Fischer, Eberhard; Zürich, 2009",,,2009.114.jpg
2009.131,"Patolu, Doppel-Ikat Seidensari, vohra gaji bhat",Standardkünstler,"Indien, Gujarat",um 1900,Textilfläche: 336 x 113 cm,Seide und Zari-Faden (Goldfaden) / Doppel-Ikat,Sammlung Eberhard Fischer,Geschenk Eberhard und Barbara Fischer,"Eberhard Fischer; Kunsthandel, Ahmedabad, Indien",,"Kontext: Textilien: Die Sammlung Eberhard Fischer: Geschenk (Teil 1: 2009) an das Museum Rietberg Zürich, hrsg./übers.: Museum Rietberg Zürich; Autor/in: Fischer, Eberhard; Zürich, 2009",,,2009.131.jpg
2009.140,"Patolu, Doppel-Ikat Seidensari, vohra gaji bhat",Standardkünstler,"Indien, Gujarat",um 1900,Textilfläche: 450 x 120 cm,Seide und Zari-Faden (Silberfaden) / Doppel-Ikat,Sammlung Eberhard Fischer,Geschenk Eberhard und Barbara Fischer,"Eberhard Fischer; Kunsthandel, Ahmedabad, Indien",,"Kontext: Textilien: Die Sammlung Eberhard Fischer: Geschenk (Teil 1: 2009) an das Museum Rietberg Zürich, hrsg./übers.: Museum Rietberg Zürich; Autor/in: Fischer, Eberhard; Zürich, 2009",,,2009.140.jpg
2009.93,"Patolu, Doppel-Ikat Seidensari, panch ful bhat (b)",Standardkünstler,"Indien, Gujarat",um 1900,Textilfläche: 456 x 100 cm,Seide und Zari-Faden (Silberfaden) / Doppel-Ikat,Sammlung Eberhard Fischer,Geschenk Eberhard und Barbara Fischer,"Eberhard Fischer; Kunsthandel, Ahmedabad, Indien",,"Kontext: Textilien: Die Sammlung Eberhard Fischer: Geschenk (Teil 1: 2009) an das Museum Rietberg Zürich, hrsg./übers.: Museum Rietberg Zürich; Autor/in: Fischer, Eberhard; Zürich, 2009",,,2009.93.jpg
2009.70,"Patolu, Doppel-Ikat Seidensari, pan bhat",Standardkünstler,"Indien, Gujarat",um 1900,Textilfläche: 366 x 131 cm,Seide / Doppel-Ikat,Sammlung Eberhard Fischer,Geschenk Eberhard und Barbara Fischer,"Kunsthandel, Ahmedabad, Indien; Eberhard Fischer",,"Kontext: Textilien: Die Sammlung Eberhard Fischer: Geschenk (Teil 1: 2009) an das Museum Rietberg Zürich, hrsg./übers.: Museum Rietberg Zürich; Autor/in: Fischer, Eberhard; Zürich, 2009",,,2009.70.jpg
2009.148,"Patolu, Doppel-Ikat Seidensari, vohra gaji bhat",Standardkünstler,"Indien, Gujarat",um 1900,Textilfläche: 439 x 118 cm,Seide und Zari-Faden (Silberfaden) / Doppel-Ikat,Sammlung Eberhard Fischer,Geschenk Eberhard und Barbara Fischer,"Eberhard Fischer; Kunsthandel, Ahmedabad, Indien",,"Kontext: Textilien: Die Sammlung Eberhard Fischer: Geschenk (Teil 1: 2009) an das Museum Rietberg Zürich, hrsg./übers.: Museum Rietberg Zürich; Autor/in: Fischer, Eberhard; Zürich, 2009",,,2009.148.jpg
2009.98,"Patolu, Doppel-Ikat Seidensari, fulvadi bhat",Standardkünstler,"Indien, Gujarat",um 1900,Textilfläche: 410 x 95 cm,Seide und Zari-Faden (Silberfaden) / Doppel-Ikat,Sammlung Eberhard Fischer,Geschenk Eberhard und Barbara Fischer,"Kunsthandel, Ahmedabad, Indien; Eberhard Fischer",,"Kontext: Textilien: Die Sammlung Eberhard Fischer: Geschenk (Teil 1: 2009) an das Museum Rietberg Zürich, hrsg./übers.: Museum Rietberg Zürich; Autor/in: Fischer, Eberhard; Zürich, 2009",,,2009.98.jpg
2009.119,"Patolu, Doppel-Ikat Seidensari, nari kunjar bhat",Standardkünstler,"Indien, Gujarat",um 1900,Textilfläche: 395 x 136 cm,Seide und Zari-Faden (Goldfaden) / Doppel-Ikat,Sammlung Eberhard Fischer,Geschenk Eberhard und Barbara Fischer,"Kunsthandel, Ahmedabad, Indien; Eberhard Fischer",,"Kontext: Textilien: Die Sammlung Eberhard Fischer: Geschenk (Teil 1: 2009) an das Museum Rietberg Zürich, hrsg./übers.: Museum Rietberg Zürich; Autor/in: Fischer, Eberhard; Zürich, 2009",,,2009.119.jpg
2009.109,"Patolu, Fragment eines Doppel-Ikat Seidensaris, tran ful bhat",Standardkünstler,"Indien, Gujarat",um 1900,Textilfläche: 182 x 100 cm,"Seide, Baumwolle / Doppel-Ikat",Sammlung Eberhard Fischer,Geschenk Eberhard und Barbara Fischer,"Eberhard Fischer; Kunsthandel, Ahmedabad, Indien",,"Kontext: Textilien: Die Sammlung Eberhard Fischer: Geschenk (Teil 1: 2009) an das Museum Rietberg Zürich, hrsg./übers.: Museum Rietberg Zürich; Autor/in: Fischer, Eberhard; Zürich, 2009",,,2009.109.jpg
2009.139,"Patolu, Doppel-Ikat Seidensari, vohra gaji bhat",Standardkünstler,"Indien, Gujarat",um 1900,Textilfläche: 424 x 118 cm,Seide und Zari-Faden (Goldfaden) / Doppel-Ikat,Sammlung Eberhard Fischer,Geschenk Eberhard und Barbara Fischer,"Eberhard Fischer; Kunsthandel, Ahmedabad, Indien",,"Kontext: Textilien: Die Sammlung Eberhard Fischer: Geschenk (Teil 1: 2009) an das Museum Rietberg Zürich, hrsg./übers.: Museum Rietberg Zürich; Autor/in: Fischer, Eberhard; Zürich, 2009",,,2009.139.jpg
2009.97,"Patolu, Doppel-Ikat Seidensari, tran ful bhat",Standardkünstler,"Indien, Gujarat",um 1900,Textilfläche: 455 x 113 cm,Seide und Zari-Faden (Silberfaden) / Doppel-Ikat,Sammlung Eberhard Fischer,Geschenk Eberhard und Barbara Fischer,"Eberhard Fischer; Kunsthandel, Ahmedabad, Indien",,"Kontext: Textilien: Die Sammlung Eberhard Fischer: Geschenk (Teil 1: 2009) an das Museum Rietberg Zürich, hrsg./übers.: Museum Rietberg Zürich; Autor/in: Fischer, Eberhard; Zürich, 2009",,,2009.97.jpg
2009.134,"Patolu, Fragment eines Doppel-Ikat Seidensaris, vohra gaji bhat",Standardkünstler,"Indien, Gujarat",um 1900,Textilfläche: 38 x 91 cm,Seide / Doppel-Ikat,Sammlung Eberhard Fischer,Geschenk Eberhard und Barbara Fischer,"Kunsthandel, Ahmedabad, Indien; Eberhard Fischer",,"Kontext: Textilien: Die Sammlung Eberhard Fischer: Geschenk (Teil 1: 2009) an das Museum Rietberg Zürich, hrsg./übers.: Museum Rietberg Zürich; Autor/in: Fischer, Eberhard; Zürich, 2009",,,2009.134.jpg
2009.84,"Patolu, Fragment eines Doppel-Ikat Seidensaris, pan bhat",Standardkünstler,"Indien, Gujarat",um 1900,Textilfläche: 115 x 122 cm,Seide und Zari-Faden (Silberfaden) / Doppel-Ikat,Sammlung Eberhard Fischer,Geschenk Eberhard und Barbara Fischer,"Kunsthandel, Ahmedabad, Indien; Eberhard Fischer",,"Kontext: Textilien: Die Sammlung Eberhard Fischer: Geschenk (Teil 1: 2009) an das Museum Rietberg Zürich, hrsg./übers.: Museum Rietberg Zürich; Autor/in: Fischer, Eberhard; Zürich, 2009",,,2009.84.jpg
2009.144,"Patolu, Doppel-Ikat Seidensari, vohra gaji bhat",Standardkünstler,"Indien, Gujarat",um 1900,Textilfläche: 465 x 118 cm,Seide und Zari-Faden (Silberfaden) / Doppel-Ikat,Sammlung Eberhard Fischer,Geschenk Eberhard und Barbara Fischer,"Eberhard Fischer; Kunsthandel, Ahmedabad, Indien",,"Kontext: Textilien: Die Sammlung Eberhard Fischer: Geschenk (Teil 1: 2009) an das Museum Rietberg Zürich, hrsg./übers.: Museum Rietberg Zürich; Autor/in: Fischer, Eberhard; Zürich, 2009",,,2009.144.jpg
2009.179,"Patolu, Doppel-Ikat Seidensari, gala vali bhat",Standardkünstler,"Indien, Gujarat",um 1900,Textilfläche: 358 x 94 cm,Seide und Zari-Faden (Silberfaden) / Doppel-Ikat,Sammlung Eberhard Fischer,Geschenk Eberhard und Barbara Fischer,"Kunsthandel, Ahmedabad, Indien; Eberhard Fischer",,"Kontext: Textilien: Die Sammlung Eberhard Fischer: Geschenk (Teil 1: 2009) an das Museum Rietberg Zürich, hrsg./übers.: Museum Rietberg Zürich; Autor/in: Fischer, Eberhard; Zürich, 2009",,,2009.179.jpg
2009.120,"Patolu, Doppel-Ikat Seidensari, nari kunjar bhat",Standardkünstler,"Indien, Gujarat",um 1900,Textilfläche: 409 x 136 cm,Seide und Zari-Faden (Goldfaden) / Doppel-Ikat mit Inschrift in Eintrag-Ikat,Sammlung Eberhard Fischer,Geschenk Eberhard und Barbara Fischer,"1968: Kunsthandel, Ahmedabad, Indien; 1968–2009: Eberhard Fischer",,"Object: Textilien: Die Sammlung Eberhard Fischer: Geschenk (Teil 1: 2009) an das Museum Rietberg Zürich, hrsg./übers.: Museum Rietberg Zürich; Autor/in: Fischer, Eberhard; Zürich, 2009, P. 53",,,2009.120.jpg
2009.79,"Patolu, Fragment eines Doppel-Ikat Seidensari, pan bhat",Standardkünstler,"Indien, Gujarat",um 1900,Textilfläche: 340 x 105 cm,Seide / Doppel-Ikat,Sammlung Eberhard Fischer,Geschenk Eberhard und Barbara Fischer,"Eberhard Fischer; Kunsthandel, Ahmedabad, Indien",,"Kontext: Textilien: Die Sammlung Eberhard Fischer: Geschenk (Teil 1: 2009) an das Museum Rietberg Zürich, hrsg./übers.: Museum Rietberg Zürich; Autor/in: Fischer, Eberhard; Zürich, 2009",,,2009.79.jpg
2009.150,"Patolu, Doppel-Ikat Seidensari, vohra gaji bhat",Standardkünstler,"Indien, Gujarat",um 1900,Textilfläche: 451 x 116 cm,Seide und Zari-Faden (Goldfaden) / Doppel-Ikat,Sammlung Eberhard Fischer,Geschenk Eberhard und Barbara Fischer,"Eberhard Fischer; Kunsthandel, Ahmedabad, Indien",,"Kontext: Textilien: Die Sammlung Eberhard Fischer: Geschenk (Teil 1: 2009) an das Museum Rietberg Zürich, hrsg./übers.: Museum Rietberg Zürich; Autor/in: Fischer, Eberhard; Zürich, 2009",,,2009.150.jpg
2009.105,"Patolu, Doppel-Ikat Seidensari, panch ful bhat (b)",Standardkünstler,"Indien, Gujarat",um 1900,Textilfläche: 458 x 105 cm,Seide und Zari-Faden (Silberfaden) / Doppel-Ikat,Sammlung Eberhard Fischer,Geschenk Eberhard und Barbara Fischer,"Eberhard Fischer; Kunsthandel, Ahmedabad, Indien",,"Kontext: Textilien: Die Sammlung Eberhard Fischer: Geschenk (Teil 1: 2009) an das Museum Rietberg Zürich, hrsg./übers.: Museum Rietberg Zürich; Autor/in: Fischer, Eberhard; Zürich, 2009",,,2009.105.jpg
2009.163,"Patolu, Doppel-Ikat Seidensari, ratan chok bhat",Standardkünstler,"Indien, Gujarat",um 1900,Textilfläche: 384 x 144 cm,Seide und Zari-Faden (Silberfaden) / Doppel-Ikat,Sammlung Eberhard Fischer,Geschenk Eberhard und Barbara Fischer,"Kunsthandel, Ahmedabad, Indien; Eberhard Fischer",,"Kontext: Textilien: Die Sammlung Eberhard Fischer: Geschenk (Teil 1: 2009) an das Museum Rietberg Zürich, hrsg./übers.: Museum Rietberg Zürich; Autor/in: Fischer, Eberhard; Zürich, 2009",,,2009.163.jpg
2009.99,"Patolu, Doppel-Ikat Seidensari, fulvadi bhat",Standardkünstler,Indonesien,um 1900,Textilfläche: 431 x 101 cm,"Seide, Baumwolle / Doppel-Ikat",Sammlung Eberhard Fischer,Geschenk Eberhard und Barbara Fischer,"Eberhard Fischer; Kunsthandel, Ahmedabad, Indien",,"Kontext: Textilien: Die Sammlung Eberhard Fischer: Geschenk (Teil 1: 2009) an das Museum Rietberg Zürich, hrsg./übers.: Museum Rietberg Zürich; Autor/in: Fischer, Eberhard; Zürich, 2009",,,2009.99.jpg
2009.96,"Patolu, Doppel-Ikat Seidensari, tran ful bhat",Standardkünstler,"Indien, Gujarat",um 1900,Textilfläche: 484 x 106 cm,Seide und Zari-Faden (Silberfaden) / Doppel-Ikat,Sammlung Eberhard Fischer,Geschenk Eberhard und Barbara Fischer,"Eberhard Fischer; Kunsthandel, Ahmedabad, Indien",,"Kontext: Textilien: Die Sammlung Eberhard Fischer: Geschenk (Teil 1: 2009) an das Museum Rietberg Zürich, hrsg./übers.: Museum Rietberg Zürich; Autor/in: Fischer, Eberhard; Zürich, 2009",,,2009.96.jpg
2009.83,"Patolu, Doppel-Ikat Seidensari, pan bhat",Standardkünstler,"Indien, Gujarat",um 1900,Textilfläche: 305 x 117 cm,Seide und Zari-Faden (Silberfaden) / Doppel-Ikat,Sammlung Eberhard Fischer,Geschenk Eberhard und Barbara Fischer,"Eberhard Fischer; Kunsthandel, Ahmedabad, Indien",,"Kontext: Textilien: Die Sammlung Eberhard Fischer: Geschenk (Teil 1: 2009) an das Museum Rietberg Zürich, hrsg./übers.: Museum Rietberg Zürich; Autor/in: Fischer, Eberhard; Zürich, 2009",,,2009.83.jpg
2009.130,"Patolu, Doppel-Ikat Seidensari, vohra gaji bhat",Standardkünstler,"Indien, Gujarat",um 1900,Textilfläche: 438 x 113 cm,Seide und Zari-Faden (Silberfaden) / Doppel-Ikat,Sammlung Eberhard Fischer,Geschenk Eberhard und Barbara Fischer,"Eberhard Fischer; Kunsthandel, Ahmedabad, Indien",,"Kontext: Textilien: Die Sammlung Eberhard Fischer: Geschenk (Teil 1: 2009) an das Museum Rietberg Zürich, hrsg./übers.: Museum Rietberg Zürich; Autor/in: Fischer, Eberhard; Zürich, 2009",,,2009.130.jpg
2009.136,"Patolu, Fragment eines Doppel-Ikat Seidensaris, vohra gaji bhat",Standardkünstler,"Indien, Gujarat",um 1900,Textilfläche: 340 x 113 cm,Seide / Doppel-Ikat,Sammlung Eberhard Fischer,Geschenk Eberhard und Barbara Fischer,"Kunsthandel, Ahmedabad, Indien; Eberhard Fischer",,"Kontext: Textilien: Die Sammlung Eberhard Fischer: Geschenk (Teil 1: 2009) an das Museum Rietberg Zürich, hrsg./übers.: Museum Rietberg Zürich; Autor/in: Fischer, Eberhard; Zürich, 2009",,,2009.136.jpg
2009.115,"Patolu, Fragment eines Doppel-Ikat Seidensaris, chhabadi bhat",Standardkünstler,"Indien, Gujarat",um 1900,Textilfläche: 242 x 107 cm,Seide / Doppel-Ikat,Sammlung Eberhard Fischer,Geschenk Eberhard und Barbara Fischer,"Kunsthandel, Ahmedabad, Indien; Eberhard Fischer",,"Kontext: Textilien: Die Sammlung Eberhard Fischer: Geschenk (Teil 1: 2009) an das Museum Rietberg Zürich, hrsg./übers.: Museum Rietberg Zürich; Autor/in: Fischer, Eberhard; Zürich, 2009",,,2009.115.jpg
2009.142,"Patolu, Doppel-Ikat Seidensari, vohra gaji bhat",Standardkünstler,"Indien, Gujarat",um 1900,Textilfläche: 446 x 117 cm,Seide und Zari-Faden (Silberfaden) / Doppel-Ikat,Sammlung Eberhard Fischer,Geschenk Eberhard und Barbara Fischer,"Eberhard Fischer; Kunsthandel, Ahmedabad, Indien",,"Kontext: Textilien: Die Sammlung Eberhard Fischer: Geschenk (Teil 1: 2009) an das Museum Rietberg Zürich, hrsg./übers.: Museum Rietberg Zürich; Autor/in: Fischer, Eberhard; Zürich, 2009",,,2009.142.jpg
2009.56,"Patolu, Doppel-Ikat Seidensari, pan bhat",Standardkünstler,"Indien, Gujarat",um 1900,Textilfläche: 330 x 130 cm,"Seide (Faden, Kette) (Bemerkung: Farben Kette: weiss, gelb, rot, dunkelgrün, blau, schwarz
Faden ungezwirnt); Seide (Faden, Eintrag) (Bemerkung: Farben Eintrag: weiss, gelb, rot, hellgrün, dunkelgrün, blau, schwarz
Faden ungezwirnt); gewoben, Doppel-Ikat (Bemerkung: Bindung: Leinwand
Dichte: 22 x 16 / cm2

Musterung:
Rapporte Kette: 15
Rapporte Eintrag: 18
Satzgrösse Kette: 6
Satzgrösse Eintrag: 7 

Färbung/Musterungtechniken:
Reservemusterung im Garn 
Eintrag-Abschluss: Fransen und abgeschnitten
)",Sammlung Eberhard Fischer,Geschenk Eberhard und Barbara Fischer,"Eberhard Fischer; Kunsthandel, Ahmedabad, Indien","Musterung/Ornamente:
Gruppe 1; Motiv Typ 1 (siehe Referenzen > Literatur)
Das Hauptfeld zeigt ""pan bhat"" Design, Blatt-Muster (leaf pattern). 
","Kontext: Textilien: Die Sammlung Eberhard Fischer: Geschenk (Teil 1: 2009) an das Museum Rietberg Zürich, hrsg./übers.: Museum Rietberg Zürich; Autor/in: Fischer, Eberhard; Zürich, 2009",,,2009.56.jpg
2009.74,"Patolu, Doppel-Ikat Seidensari, pan bhat",Standardkünstler,"Indien, Gujarat",um 1900,Textilfläche: 348 x 130 cm,Seide und Zari-Faden (Silberfaden) / Doppel-Ikat,Sammlung Eberhard Fischer,Geschenk Eberhard und Barbara Fischer,"Eberhard Fischer; Kunsthandel, Ahmedabad, Indien",,"Kontext: Textilien: Die Sammlung Eberhard Fischer: Geschenk (Teil 1: 2009) an das Museum Rietberg Zürich, hrsg./übers.: Museum Rietberg Zürich; Autor/in: Fischer, Eberhard; Zürich, 2009",,,2009.74.jpg
2009.180,"Patolu, Doppel-Ikat Seidensari, gala vali bhat",Standardkünstler,"Indien, Gujarat",um 1900,Textilfläche: 488 x 119 cm,Seide und Zari-Faden (Silberfaden) / Doppel-Ikat,Sammlung Eberhard Fischer,Geschenk Eberhard und Barbara Fischer,"Eberhard Fischer; Kunsthandel, Ahmedabad, Indien",,"Kontext: Textilien: Die Sammlung Eberhard Fischer: Geschenk (Teil 1: 2009) an das Museum Rietberg Zürich, hrsg./übers.: Museum Rietberg Zürich; Autor/in: Fischer, Eberhard; Zürich, 2009",,,2009.180.jpg
2009.122,"Patolu, Doppel-Ikat Seidensari, popat kunjar bhat",Standardkünstler,"Indien, Gujarat",um 1900,Textilfläche: 368 x 138 cm,Seide / Doppel-Ikat,Sammlung Eberhard Fischer,Geschenk Eberhard und Barbara Fischer,"Eberhard Fischer; Kunsthandel, Ahmedabad, Indien",,"Kontext: Textilien: Die Sammlung Eberhard Fischer: Geschenk (Teil 1: 2009) an das Museum Rietberg Zürich, hrsg./übers.: Museum Rietberg Zürich; Autor/in: Fischer, Eberhard; Zürich, 2009",,,2009.122.jpg
2009.111,"Patolu, Fragment eines Doppel-Ikat Seidensaris, fulvadi bhat",Standardkünstler,"Indien, Gujarat",um 1900,Textilfläche: 246 x 88 cm,"Seide, Baumwolle / Doppel-Ikat",Sammlung Eberhard Fischer,Geschenk Eberhard und Barbara Fischer,"Eberhard Fischer; Kunsthandel, Ahmedabad, Indien",,"Kontext: Textilien: Die Sammlung Eberhard Fischer: Geschenk (Teil 1: 2009) an das Museum Rietberg Zürich, hrsg./übers.: Museum Rietberg Zürich; Autor/in: Fischer, Eberhard; Zürich, 2009",,,2009.111.jpg
2009.55,"Patolu, Doppel-Ikat Seidensari, pan bhat",Standardkünstler,"Indien, Gujarat",um 1900,Textilfläche: 370 x 128 cm,"Seide (Faden, Kette) (Bemerkung: Farben Kette: weiss, gelb, rot, hellgrün, dunkelgrün, blau, violett
Faden ungezwirnt); Seide (Faden, Eintrag) (Bemerkung: Farben Eintrag: weiss, gelb, rot, dunkelgrün, blau, violett
Faden ungezwirnt); Zari (Silberfaden, Zusatz-Eintrag) (Bemerkung: mit Silber umwickelter gelber Seidenfaden); gewoben, Doppel-Ikat (Bemerkung: Bindung: Leinwand
Dichte: 22 x 22 / cm2

Musterung:
Rapporte Kette: 15
Rapporte Eintrag: 18 
Satzgrösse Kette: 6
Satzgrösse Eintrag: 9

Färbung/Musterungstechniken:
Reservemusterung im Garn
Zusatz-Eintrag: Zari-Faden in Querstreifen der oberen Endbordüre
Eintrag-Abschluss: Fransen 
)",Sammlung Eberhard Fischer,Geschenk Eberhard und Barbara Fischer,"Kunsthandel, Ahmedabad, Indien; Eberhard Fischer","Musterung/Ornamente:
Gruppe 1; Motiv Typ 1 (siehe Referenzen > Literatur)
Das Hauptfeld zeigt ""pan bhat"" Design, Blatt-Muster (leaf pattern).
Die linke Längsbordüre wurde ohne Zickzack-Band und weissen Längsstreifen an die Rahmenbordüre angenäht (maschinell, Naht hinten); die obere Endbordüre hat eine Partie mit Silberfaden, welche beidseitig in schmäleren Streifen durch die Längsbordüren an die seitlichen Webkanten auslaufen; im weissen Querstreifen steht mit Tinte wahrscheinlich der Name des Herstellers (?).
Die untere Endbordüre endet mit einem Streifen Eintrag-Ikat.
","Kontext: Textilien: Die Sammlung Eberhard Fischer: Geschenk (Teil 1: 2009) an das Museum Rietberg Zürich, hrsg./übers.: Museum Rietberg Zürich; Autor/in: Fischer, Eberhard; Zürich, 2009",,,2009.55.jpg
2009.95,"Patolu, Doppel-Ikat Seidensari, panch ful bhat (b)",Standardkünstler,"Indien, Gujarat",um 1900,Textilfläche: 445 x 100 cm,Seide und Silberfaden / Doppel-Ikat,Sammlung Eberhard Fischer,Geschenk Eberhard und Barbara Fischer,"Eberhard Fischer; Kunsthandel, Ahmedabad, Indien",,"Kontext: Textilien: Die Sammlung Eberhard Fischer: Geschenk (Teil 1: 2009) an das Museum Rietberg Zürich, hrsg./übers.: Museum Rietberg Zürich; Autor/in: Fischer, Eberhard; Zürich, 2009",,,2009.95.jpg
2009.147,"Patolu, Doppel-Ikat Seidensari, vohra gaji bhat",Standardkünstler,"Indien, Gujarat",um 1900,Textilfläche: 435 x 116 cm,Seide und Zari-Faden (Silberfaden) / Doppel-Ikat,Sammlung Eberhard Fischer,Geschenk Eberhard und Barbara Fischer,"Kunsthandel, Ahmedabad, Indien; Eberhard Fischer",,"Kontext: Textilien: Die Sammlung Eberhard Fischer: Geschenk (Teil 1: 2009) an das Museum Rietberg Zürich, hrsg./übers.: Museum Rietberg Zürich; Autor/in: Fischer, Eberhard; Zürich, 2009",,,2009.147.jpg
2009.155,"Patolu, Doppel-Ikat Seidensaris, vohra gaji bhat",Standardkünstler,"Indien, Gujarat",um 1900,Textilfläche: 446 x 98 cm,Seide / Doppel-Ikat,Sammlung Eberhard Fischer,Geschenk Eberhard und Barbara Fischer,"Eberhard Fischer; Kunsthandel, Ahmedabad, Indien",,"Kontext: Textilien: Die Sammlung Eberhard Fischer: Geschenk (Teil 1: 2009) an das Museum Rietberg Zürich, hrsg./übers.: Museum Rietberg Zürich; Autor/in: Fischer, Eberhard; Zürich, 2009",,,2009.155.jpg
2009.60,"Patolu, Doppel-Ikat Seidensari, pan bhat",Standardkünstler,"Indien, Gujarat",um 1900,Textilfläche: 356 x 133 cm,"Seide (Faden, Kette) (Bemerkung: Farben Kette: weiss, gelb, orange, rot, blau, grün, violett
Faden ungezwirnt); Seide (Faden, Eintrag) (Bemerkung: Farben Eintrag: weiss, gelb,orange, rot, blau, grün, violett
Faden ungezwirnt); gewoben, Doppel-Ikat (Bemerkung: Bindung: Leinwand
Dichte: 20 x 16 / cm2

Musterung:
Rapporte Kette: 15
Rapporte Eintrag: 18
Satzgrösse Kette: 6
Satzgrösse Eintrag: 8 

Färbung/Musterungtechniken:
Reservemusterung im Garn 
Eintrag-Abschluss: Fransen und abgeschnitten
)",Sammlung Eberhard Fischer,Geschenk Eberhard und Barbara Fischer,"Eberhard Fischer; Kunsthandel, Ahmedabad, Indien","Musterung/Ornamente:
Gruppe 1; Motiv Typ 1 (siehe Referenzen > Literatur)
Das Hauptfeld zeigt ""pan bhat"" Design, Blatt-Muster (leaf pattern).
Die obere Endbordüre endet mit einem Ikat-Band (Eintrag-Ikat). Auffallend sind die weissen Markierungspunkte in der Kette zwischen den Pfeilspitzen in den Endbordüren.
","Kontext: Textilien: Die Sammlung Eberhard Fischer: Geschenk (Teil 1: 2009) an das Museum Rietberg Zürich, hrsg./übers.: Museum Rietberg Zürich; Autor/in: Fischer, Eberhard; Zürich, 2009",,,2009.60.jpg
2009.138,"Patolu, Doppel-Ikat Seidensari, vohra gaji bhat",Standardkünstler,"Indien, Gujarat",um 1900,Textilfläche: 436 x 111 cm,Seide und Zari-Faden (Goldfaden) / Doppel-Ikat,Sammlung Eberhard Fischer,Geschenk Eberhard und Barbara Fischer,"Eberhard Fischer; Kunsthandel, Ahmedabad, Indien",,"Kontext: Textilien: Die Sammlung Eberhard Fischer: Geschenk (Teil 1: 2009) an das Museum Rietberg Zürich, hrsg./übers.: Museum Rietberg Zürich; Autor/in: Fischer, Eberhard; Zürich, 2009",,,2009.138.jpg
2009.92,"Patolu, Fragment eines Doppel-Ikat Seidensaris, punch ful bhat (b)",Standardkünstler,"Indien, Gujarat",um 1900,Textilfläche: 110 x 97 cm,Seide / Doppel-Ikat,Sammlung Eberhard Fischer,Geschenk Eberhard und Barbara Fischer,"Kunsthandel, Ahmedabad, Indien; Eberhard Fischer",,"Kontext: Textilien: Die Sammlung Eberhard Fischer: Geschenk (Teil 1: 2009) an das Museum Rietberg Zürich, hrsg./übers.: Museum Rietberg Zürich; Autor/in: Fischer, Eberhard; Zürich, 2009",,,2009.92.jpg
2009.52,"Patolu, Doppel-Ikat Seidensari, pan bhat",Standardkünstler,"Indien, Gujarat",um 1900,Textilfläche: 345 x 133 cm,"Seide (Faden, Kette) (Bemerkung: Farben Kette: weiss, gelb, rot, grün, blaugrün, schwarz
Faden ungezwirnt); Seide (Faden, Eintrag) (Bemerkung: Farben Eintrag: weiss, gelb, rot, blaugrün, schwarz
Faden ungezwirnt); gewoben, Doppel-Ikat (Bemerkung: Bindung: Leinwand
Dichte: 18 x 16 / cm2

Musterung:
Rapporte Kette: 15
Rapporte Eintrag: 18 
Satzgrösse Kette: 5, 6
Satzgrösse Eintrag: 5, 6, 7

Färbung/Musterungstechniken:
Reservemusterung im Garn
Eintrag-Abschluss: Fransen und abgeschnitten



)",Sammlung Eberhard Fischer,Geschenk Eberhard und Barbara Fischer,"Kunsthandel, Ahmedabad, Indien; Eberhard Fischer","Musterung/Ornamente:
Gruppe 1; Motiv Typ 1 (siehe Referenzen > Literatur)
Das Hauptfeld zeigt ""pan bhat"" Design, Blatt-Muster (leaf pattern).
Auffallend sind die blaugrünen Kettfäden-Streifen auf beiden Seiten des Hauptfeldes; seitlich des Hauptfeldes je eine Bordüre mit Motiven von Elefanten, Blumen, Vögel und tanzende Mädchen; gestreifte Längsstreifen; die beiden Endbordüren sind identisch, den Abschluss bildet ein Streifen im Eintrag-Ikat.
","Kontext: Textilien: Die Sammlung Eberhard Fischer: Geschenk (Teil 1: 2009) an das Museum Rietberg Zürich, hrsg./übers.: Museum Rietberg Zürich; Autor/in: Fischer, Eberhard; Zürich, 2009",,,2009.52.jpg
2009.116,"Patolu, Fragment eines Doppel-Ikat Schals ?, chhabadi bhat",Standardkünstler,"Indien, Gujarat",um 1900,Textilfläche: 28 x 89 cm,"Seide, Baumwolle / Doppel-Ikat",Sammlung Eberhard Fischer,Geschenk Eberhard und Barbara Fischer,"Eberhard Fischer; Kunsthandel, Ahmedabad, Indien",,"Kontext: Textilien: Die Sammlung Eberhard Fischer: Geschenk (Teil 1: 2009) an das Museum Rietberg Zürich, hrsg./übers.: Museum Rietberg Zürich; Autor/in: Fischer, Eberhard; Zürich, 2009",,,2009.116.jpg
2009.121,"Patolu, Doppel-Ikat Seidensari, popat kunjar bhat",Standardkünstler,"Indien, Gujarat",um 1900,Textilfläche: 398 x 160 cm,Seide / Doppel-Ikat,Sammlung Eberhard Fischer,Geschenk Eberhard und Barbara Fischer,"Kunsthandel, Ahmedabad, Indien; Eberhard Fischer",,"Kontext: Textilien: Die Sammlung Eberhard Fischer: Geschenk (Teil 1: 2009) an das Museum Rietberg Zürich, hrsg./übers.: Museum Rietberg Zürich; Autor/in: Fischer, Eberhard; Zürich, 2009",,,2009.121.jpg
2009.101,"Patolu, Doppel-Ikat Seidensari, fulvadi bhat",Standardkünstler,"Indien, Gujarat",um 1900,Textilfläche: 452 x 96 cm,Seide und Zari-Faden (Silberfaden) / Doppel-Ikat,Sammlung Eberhard Fischer,Geschenk Eberhard und Barbara Fischer,"Kunsthandel, Ahmedabad, Indien; Eberhard Fischer",,"Kontext: Textilien: Die Sammlung Eberhard Fischer: Geschenk (Teil 1: 2009) an das Museum Rietberg Zürich, hrsg./übers.: Museum Rietberg Zürich; Autor/in: Fischer, Eberhard; Zürich, 2009",,,2009.101.jpg
2009.124,"Patolu, Doppel-Ikat Seidensari, popat kunjar bhat",Standardkünstler,"Indien, Gujarat",um 1900,Textilfläche: 412 x 135 cm,Seide und Zari-Faden (Goldfaden) / Doppel-Ikat,Sammlung Eberhard Fischer,Geschenk Eberhard und Barbara Fischer,"Kunsthandel, Ahmedabad, Indien; Eberhard Fischer",,"Kontext: Textilien: Die Sammlung Eberhard Fischer: Geschenk (Teil 1: 2009) an das Museum Rietberg Zürich, hrsg./übers.: Museum Rietberg Zürich; Autor/in: Fischer, Eberhard; Zürich, 2009",,,2009.124.jpg
2009.152,"Patolu, Fragment eines Doppel-Ikat Seidensaris, vohra gaji bhat",Standardkünstler,"Indien, Gujarat",um 1900,Textilfläche: 239 x 105 cm,Seide / Doppel-Ikat,Sammlung Eberhard Fischer,Geschenk Eberhard und Barbara Fischer,"Eberhard Fischer; Kunsthandel, Ahmedabad, Indien",,"Kontext: Textilien: Die Sammlung Eberhard Fischer: Geschenk (Teil 1: 2009) an das Museum Rietberg Zürich, hrsg./übers.: Museum Rietberg Zürich; Autor/in: Fischer, Eberhard; Zürich, 2009",,,2009.152.jpg
2009.113,"Patolu, Fragmente eines Doppel-Ikat Tanzkostüms, fulvadi bhat",Standardkünstler,"Indien, Gujarat",um 1900,,"Seide, Baumwolle / Doppel-Ikat",Sammlung Eberhard Fischer,Geschenk Eberhard und Barbara Fischer,"Eberhard Fischer; Kunsthandel, Ahmedabad, Indien",,"Kontext: Textilien: Die Sammlung Eberhard Fischer: Geschenk (Teil 1: 2009) an das Museum Rietberg Zürich, hrsg./übers.: Museum Rietberg Zürich; Autor/in: Fischer, Eberhard; Zürich, 2009",,,2009.113.jpg
2009.182,"Patolu, Doppel-Ikat Bluse (choli)",Standardkünstler,"Indien, Gujarat",1. Hälfte 20. Jh.,,Seide / Doppel-Ikat,Sammlung Eberhard Fischer,Geschenk Eberhard und Barbara Fischer,"Eberhard Fischer; Kunsthandel, Ahmedabad, Indien",,"Kontext: Textilien: Die Sammlung Eberhard Fischer: Geschenk (Teil 1: 2009) an das Museum Rietberg Zürich, hrsg./übers.: Museum Rietberg Zürich; Autor/in: Fischer, Eberhard; Zürich, 2009",,,2009.182.jpg
2009.183,"Patolu, Doppel-Ikat Seidentuch (odhani)",Standardkünstler,"Indien, Gujarat",um 1900,Textilfläche: 255 x 88 cm,"Seide, Doppel-Ikat",Sammlung Eberhard Fischer,Geschenk Eberhard und Barbara Fischer,"Kunsthandel, Ahmedabad, Indien; Eberhard Fischer",,"Kontext: Textilien: Die Sammlung Eberhard Fischer: Geschenk (Teil 1: 2009) an das Museum Rietberg Zürich, hrsg./übers.: Museum Rietberg Zürich; Autor/in: Fischer, Eberhard; Zürich, 2009",,,2009.183.jpg
2009.80,"Patolu, Doppel-Ikat Seidensari, pan bhat",Standardkünstler,"Indien, Gujarat",um 1900,Textilfläche: 375 x 132 cm,Seide und Zari-Faden (Silberfaden) / Doppel-Ikat,Sammlung Eberhard Fischer,Geschenk Eberhard und Barbara Fischer,"Eberhard Fischer; Kunsthandel, Ahmedabad, Indien",,"Kontext: Textilien: Die Sammlung Eberhard Fischer: Geschenk (Teil 1: 2009) an das Museum Rietberg Zürich, hrsg./übers.: Museum Rietberg Zürich; Autor/in: Fischer, Eberhard; Zürich, 2009",,,2009.80.jpg
2009.151,"Patolu, Doppel-Ikat Seidentuch (Lungi), vohra gaji bhat",Standardkünstler,"Indien, Gujarat",um 1900,Textilfläche: 320 x 96 cm,Seide und Zari-Faden (Goldfaden) / Doppel-Ikat,Sammlung Eberhard Fischer,Geschenk Eberhard und Barbara Fischer,"Kunsthandel, Ahmedabad, Indien; Eberhard Fischer",,"Kontext: Textilien: Die Sammlung Eberhard Fischer: Geschenk (Teil 1: 2009) an das Museum Rietberg Zürich, hrsg./übers.: Museum Rietberg Zürich; Autor/in: Fischer, Eberhard; Zürich, 2009",,,2009.151.jpg
2009.107,"Patolu, Doppel-Ikat Seidensari, fulvadi bhat",Standardkünstler,"Indien, Gujarat, Saurashtra",um 1900,Textilfläche: 424 x 99 cm,"Seide, Baumwolle und Zari-Faden (Silberfaden) / Doppel-Ikat",Sammlung Eberhard Fischer,Geschenk Eberhard und Barbara Fischer,"Kunsthandel, Ahmedabad, Indien; Eberhard Fischer",,"Kontext: Textilien: Die Sammlung Eberhard Fischer: Geschenk (Teil 1: 2009) an das Museum Rietberg Zürich, hrsg./übers.: Museum Rietberg Zürich; Autor/in: Fischer, Eberhard; Zürich, 2009",,,2009.107.jpg
2009.173,"Patolu, Doppel-Ikat Seidensari / odhani, gala vali bhat",Standardkünstler,"Indien, Gujarat",um 1900,Textilfläche: 358 x 126 cm,Seide und Zari-Faden (Silberfaden) / Doppel-Ikat,Sammlung Eberhard Fischer,Geschenk Eberhard und Barbara Fischer,"Eberhard Fischer; Kunsthandel, Ahmedabad, Indien",,"Kontext: Textilien: Die Sammlung Eberhard Fischer: Geschenk (Teil 1: 2009) an das Museum Rietberg Zürich, hrsg./übers.: Museum Rietberg Zürich; Autor/in: Fischer, Eberhard; Zürich, 2009",,,2009.173.jpg
2009.73,"Patolu, Doppel-Ikat Seidensari, pan bhat",Standardkünstler,"Indien, Gujarat",um 1900,Textilfläche: 365 x 131 cm,Seide und Zari-Faden (Silberfaden) / Doppel-Ikat,Sammlung Eberhard Fischer,Geschenk Eberhard und Barbara Fischer,"Eberhard Fischer; Kunsthandel, Ahmedabad, Indien",,"Kontext: Textilien: Die Sammlung Eberhard Fischer: Geschenk (Teil 1: 2009) an das Museum Rietberg Zürich, hrsg./übers.: Museum Rietberg Zürich; Autor/in: Fischer, Eberhard; Zürich, 2009",,,2009.73.jpg
2009.157,"Patolu, Doppel-Ikat Seidensari, vohra gaji bhat",Standardkünstler,"Indien, Gujarat",1. Hälfte 20. Jh.,Textilfläche: 458 x 116 cm,Seide und Zari-Faden (Silberfaden) / Doppel-Ikat,Sammlung Eberhard Fischer,Geschenk Eberhard und Barbara Fischer,"Eberhard Fischer; Kunsthandel, Ahmedabad, Indien",,"Kontext: Textilien: Die Sammlung Eberhard Fischer: Geschenk (Teil 1: 2009) an das Museum Rietberg Zürich, hrsg./übers.: Museum Rietberg Zürich; Autor/in: Fischer, Eberhard; Zürich, 2009",,,2009.157.jpg
2009.88,"Patolu, Doppel-Ikat Seidensari, tran ful bhat",Standardkünstler,"Indien, Gujarat",um 1900,Textilfläche: 448 x 107 cm,Seide und Zari-Faden (Silberfaden) / Doppel-Ikat,Sammlung Eberhard Fischer,Geschenk Eberhard und Barbara Fischer,"Eberhard Fischer; Kunsthandel, Ahmedabad, Indien",,"Kontext: Textilien: Die Sammlung Eberhard Fischer: Geschenk (Teil 1: 2009) an das Museum Rietberg Zürich, hrsg./übers.: Museum Rietberg Zürich; Autor/in: Fischer, Eberhard; Zürich, 2009",,,2009.88.jpg
2009.125,"Patolu, Doppel-Ikat Seidensari, popat kunjar bhat",Standardkünstler,"Indien, Gujarat",um 1900,Textilfläche: 243 x 134 cm,Seide und Zari-Faden (Silberfaden) / Doppel-Ikat,Sammlung Eberhard Fischer,Geschenk Eberhard und Barbara Fischer,"Kunsthandel, Ahmedabad, Indien; Eberhard Fischer",,"Kontext: Textilien: Die Sammlung Eberhard Fischer: Geschenk (Teil 1: 2009) an das Museum Rietberg Zürich, hrsg./übers.: Museum Rietberg Zürich; Autor/in: Fischer, Eberhard; Zürich, 2009",,,2009.125.jpg
2009.159,"Patolu, Doppel-Ikat Seidensari, ratan chok bhat",Standardkünstler,"Indien, Gujarat",um 1900,Textilfläche: 356 x 125 cm,Seide und Zari-Faden (Silberfaden) / Doppel-Ikat,Sammlung Eberhard Fischer,Geschenk Eberhard und Barbara Fischer,"Eberhard Fischer; Kunsthandel, Ahmedabad, Indien",,"Kontext: Textilien: Die Sammlung Eberhard Fischer: Geschenk (Teil 1: 2009) an das Museum Rietberg Zürich, hrsg./übers.: Museum Rietberg Zürich; Autor/in: Fischer, Eberhard; Zürich, 2009",,,2009.159.jpg
2009.57,"Patolu, Doppel-Ikat Seidensari, pan bhat",Standardkünstler,"Indien, Gujarat",um 1900,Textilfläche: 350 x 133 cm,"Seide (Faden, Kette) (Bemerkung: Farben Kette: weiss, gelb, rot, blaugrün, violett
Faden ungezwirnt); Seide (Faden, Eintrag) (Bemerkung: Farben Eintrag: weiss, gelb, rot, blaugrün, violett
Faden ungezwirnt); gewoben, Doppel-Ikat (Bemerkung: Bindung: Leinwand
Dichte: 24 x 16 / cm2

Musterung:
Rapporte Kette: 15
Rapporte Eintrag: 18
Satzgrösse Kette: 6
Satzgrösse Eintrag: 6, 7 

Färbung/Musterungtechniken:
Reservemusterung im Garn 
Eintrag-Abschluss: Fransen und abgeschnitten
)",Sammlung Eberhard Fischer,Geschenk Eberhard und Barbara Fischer,"Kunsthandel, Ahmedabad, Indien; Eberhard Fischer","Musterung/Ornamente:
Gruppe 1; Motiv Typ 1 (siehe Referenzen > Literatur)
Das Hauptfeld zeigt ""pan bhat"" Design, Blatt-Muster (leaf pattern).","Kontext: Textilien: Die Sammlung Eberhard Fischer: Geschenk (Teil 1: 2009) an das Museum Rietberg Zürich, hrsg./übers.: Museum Rietberg Zürich; Autor/in: Fischer, Eberhard; Zürich, 2009",,,2009.57.jpg
2009.108,"Patolu, Doppel-Ikat Seidensari, fulvadi bhat",Standardkünstler,"Indien, Gujarat",um 1900,Textilfläche: 398 x 115 cm,"Seide, Baumwolle / Doppel-Ikat",Sammlung Eberhard Fischer,Geschenk Eberhard und Barbara Fischer,"Kunsthandel, Ahmedabad, Indien; Eberhard Fischer",,"Kontext: Textilien: Die Sammlung Eberhard Fischer: Geschenk (Teil 1: 2009) an das Museum Rietberg Zürich, hrsg./übers.: Museum Rietberg Zürich; Autor/in: Fischer, Eberhard; Zürich, 2009",,,2009.108.jpg
2009.53,"Patolu, Fragment eines Doppel-Ikat Seidensaris, pan bhat",Standardkünstler,"Indien, Gujarat",um 1900,Textilfläche: 325 x 165 cm,"Seide (Faden, Kette) (Bemerkung: Farben Kette: weiss, gelb, orange, rot, grün, violett
Faden ungezwirnt); Seide (Faden, Eintrag) (Bemerkung: Farben Eintrag: weiss, gelb, rot, türkis, schwarz
Faden ungezwirnt); gewoben, Doppel-Ikat (Bemerkung: Bindung: Leinwand
Dichte: 18 x 20 / cm2

Färbung/Musterungstechniken:
Reservemusterung im Garn
Eintrag-Abschluss: abgeschnitten

)",Sammlung Eberhard Fischer,Geschenk Eberhard und Barbara Fischer,"Eberhard Fischer; Kunsthandel, Ahmedabad, Indien","Musterung/Ornamente:
Gruppe 1; Motiv Typ 1 (siehe Referenzen > Literatur)
Das Hauptfeld zeigt ""pan bhat"" Design, Blatt-Muster (leaf pattern).
Bei diesem Patolu wurde statt der linken Längsbordüren ein 50 cm breites, 153 cm langes Stoffstück mit verkehrt angenähter Querbordüre angenäht, wahrscheinlich von demselben Stoff weiter unten, denn dort fehlt es und an der verbleibenden Länge wurde die Längsbordüre angenäht.
","Kontext: Textilien: Die Sammlung Eberhard Fischer: Geschenk (Teil 1: 2009) an das Museum Rietberg Zürich, hrsg./übers.: Museum Rietberg Zürich; Autor/in: Fischer, Eberhard; Zürich, 2009",,,2009.53.jpg
2009.166,"Patolu, Doppel-Ikat Seidensari",Standardkünstler,"Indien, Gujarat",um 1900,Textilfläche: 355 x 130 cm,Seide und Zari-Faden (Silberfaden) / Doppel-Ikat,Sammlung Eberhard Fischer,Geschenk Eberhard und Barbara Fischer,"Eberhard Fischer; Kunsthandel, Ahmedabad, Indien",,"Kontext: Textilien: Die Sammlung Eberhard Fischer: Geschenk (Teil 1: 2009) an das Museum Rietberg Zürich, hrsg./übers.: Museum Rietberg Zürich; Autor/in: Fischer, Eberhard; Zürich, 2009",,,2009.166.jpg
2009.90,"Patolu, Doppel-Ikat Seidensari, tran ful bhat",Standardkünstler,"Indien, Gujarat",um 1900,Textilfläche: 478 x 118 cm,Seide und Zari-Faden (Goldfaden) / Doppel-Ikat,Sammlung Eberhard Fischer,Geschenk Eberhard und Barbara Fischer,"Kunsthandel, Ahmedabad, Indien; Eberhard Fischer",,"Kontext: Textilien: Die Sammlung Eberhard Fischer: Geschenk (Teil 1: 2009) an das Museum Rietberg Zürich, hrsg./übers.: Museum Rietberg Zürich; Autor/in: Fischer, Eberhard; Zürich, 2009",,,2009.90.jpg
2009.81,"Patolu, Doppel-Ikat Seidensari, pan bhat",Standardkünstler,"Indien, Gujarat",um 1900,Textilfläche: 356 x 112 cm,Seide / Doppel-Ikat,Sammlung Eberhard Fischer,Geschenk Eberhard und Barbara Fischer,"Kunsthandel, Ahmedabad, Indien; Eberhard Fischer",,"Kontext: Textilien: Die Sammlung Eberhard Fischer: Geschenk (Teil 1: 2009) an das Museum Rietberg Zürich, hrsg./übers.: Museum Rietberg Zürich; Autor/in: Fischer, Eberhard; Zürich, 2009",,,2009.81.jpg
2009.126,"Patolu, Doppel-Ikat Seidensari, popat kunjar bhat",Standardkünstler,"Indien, Gujarat",um 1900,Textilfläche: 393 x 134 cm,Seide / Doppel-Ikat,Sammlung Eberhard Fischer,Geschenk Eberhard und Barbara Fischer,"Kunsthandel, Ahmedabad, Indien; Eberhard Fischer",,"Kontext: Textilien: Die Sammlung Eberhard Fischer: Geschenk (Teil 1: 2009) an das Museum Rietberg Zürich, hrsg./übers.: Museum Rietberg Zürich; Autor/in: Fischer, Eberhard; Zürich, 2009",,,2009.126.jpg
2009.165,"Patolu, Doppel-Ikat Seidensari, ratan chok bhat",Standardkünstler,"Indien, Gujarat",um 1900,Textilfläche: 384 x 125 cm,Seide / Doppel-Ikat,Sammlung Eberhard Fischer,Geschenk Eberhard und Barbara Fischer,"Kunsthandel, Ahmedabad, Indien; Eberhard Fischer",,"Kontext: Textilien: Die Sammlung Eberhard Fischer: Geschenk (Teil 1: 2009) an das Museum Rietberg Zürich, hrsg./übers.: Museum Rietberg Zürich; Autor/in: Fischer, Eberhard; Zürich, 2009",,,2009.165.jpg
2009.168,"Patolu, Doppel-Ikat Seidensari",Standardkünstler,"Indien, Gujarat",um 1900,Objektmass: 461 x 140 cm,Seide und Zari-Faden (Silberfaden) / Doppel-Ikat,Sammlung Eberhard Fischer,Geschenk Eberhard und Barbara Fischer,"Kunsthandel, Ahmedabad, Indien; Eberhard Fischer",,"Kontext: Textilien: Die Sammlung Eberhard Fischer: Geschenk (Teil 1: 2009) an das Museum Rietberg Zürich, hrsg./übers.: Museum Rietberg Zürich; Autor/in: Fischer, Eberhard; Zürich, 2009",,,2009.168.jpg
2009.103,"Patolu, Doppel-Ikat Seidensari, fulvadi bhat",Standardkünstler,"Indien, Gujarat",um 1900,Textilfläche: 458 x 102 cm,Seide und Zari-Faden (Silberfaden) / Doppel-Ikat,Sammlung Eberhard Fischer,Geschenk Eberhard und Barbara Fischer,"Kunsthandel, Ahmedabad, Indien; Eberhard Fischer",,"Kontext: Textilien: Die Sammlung Eberhard Fischer: Geschenk (Teil 1: 2009) an das Museum Rietberg Zürich, hrsg./übers.: Museum Rietberg Zürich; Autor/in: Fischer, Eberhard; Zürich, 2009",,,2009.103.jpg
2009.178,"Patolu, Doppel-Ikat Seidensari, gala vali bhat",Standardkünstler,"Indien, Gujarat",um 1900,Textilfläche: 488 x 105 cm,Seide / Doppel-Ikat,Sammlung Eberhard Fischer,Geschenk Eberhard und Barbara Fischer,"Kunsthandel, Ahmedabad, Indien; Eberhard Fischer",,"Kontext: Textilien: Die Sammlung Eberhard Fischer: Geschenk (Teil 1: 2009) an das Museum Rietberg Zürich, hrsg./übers.: Museum Rietberg Zürich; Autor/in: Fischer, Eberhard; Zürich, 2009",,,2009.178.jpg
2009.171,"Patolu, Doppel-Ikat Seidensari / odhani, gala vali bhat",Standardkünstler,"Indien, Gujarat",um 1900,Textilfläche: 350 x 126 cm,Seide und Zari-Faden (Silberfaden) / Doppel-Ikat,Sammlung Eberhard Fischer,Geschenk Eberhard und Barbara Fischer,"Eberhard Fischer; Kunsthandel, Ahmedabad, Indien",,"Kontext: Textilien: Die Sammlung Eberhard Fischer: Geschenk (Teil 1: 2009) an das Museum Rietberg Zürich, hrsg./übers.: Museum Rietberg Zürich; Autor/in: Fischer, Eberhard; Zürich, 2009",,,2009.171.jpg
2009.106,"Patolu, Fragment eines Doppel-Ikat Seidensaris, fulvadi bhat",Standardkünstler,"Indien, Gujarat",um 1900,Textilfläche: 167 x 78 cm,"Seide, Baumwolle ? / Doppel-Ikat",Sammlung Eberhard Fischer,Geschenk Eberhard und Barbara Fischer,"Eberhard Fischer; Kunsthandel, Ahmedabad, Indien",,"Kontext: Textilien: Die Sammlung Eberhard Fischer: Geschenk (Teil 1: 2009) an das Museum Rietberg Zürich, hrsg./übers.: Museum Rietberg Zürich; Autor/in: Fischer, Eberhard; Zürich, 2009",,,2009.106.jpg
2009.89,"Patolu, Doppel-Ikat Seiden ?, pan bhat",Standardkünstler,"Indien, Gujarat",um 1900,Textilfläche: 191 x 117 cm,Seide und Zari-Faden (Silberfaden) / Doppel-Ikat,Sammlung Eberhard Fischer,Geschenk Eberhard und Barbara Fischer,"Eberhard Fischer; Kunsthandel, Ahmedabad, Indien",,"Kontext: Textilien: Die Sammlung Eberhard Fischer: Geschenk (Teil 1: 2009) an das Museum Rietberg Zürich, hrsg./übers.: Museum Rietberg Zürich; Autor/in: Fischer, Eberhard; Zürich, 2009",,,2009.89.jpg
2009.141,"Patolu, Doppel-Ikat Seidensari, vohra gaji bhat",Standardkünstler,"Indien, Gujarat",um 1900,Textilfläche: 416 x 116 cm,Seide und Silberlamellen / Doppel-Ikat,Sammlung Eberhard Fischer,Geschenk Eberhard und Barbara Fischer,"Kunsthandel, Ahmedabad, Indien; Eberhard Fischer",,"Kontext: Textilien: Die Sammlung Eberhard Fischer: Geschenk (Teil 1: 2009) an das Museum Rietberg Zürich, hrsg./übers.: Museum Rietberg Zürich; Autor/in: Fischer, Eberhard; Zürich, 2009",,,2009.141.jpg
2009.162,"Patolu, Doppel-Ikat Seidensari, ratan chok bhat",Standardkünstler,"Indien, Gujarat",um 1900,Textilfläche: 360 x 128 cm,Seide und Zari-Faden (Silberfaden) / Doppel-Ikat,Sammlung Eberhard Fischer,Geschenk Eberhard und Barbara Fischer,"Eberhard Fischer; Kunsthandel, Ahmedabad, Indien",,"Kontext: Textilien: Die Sammlung Eberhard Fischer: Geschenk (Teil 1: 2009) an das Museum Rietberg Zürich, hrsg./übers.: Museum Rietberg Zürich; Autor/in: Fischer, Eberhard; Zürich, 2009",,,2009.162.jpg
2009.160,"Patolu, Fragment eines Doppel-Ikat Seidensari, ratan chok bhat",Standardkünstler,"Indien, Gujarat",um 1900,Textilfläche: 364 x 140 cm,Seide / Doppel-Ikat,Sammlung Eberhard Fischer,Geschenk Eberhard und Barbara Fischer,"Kunsthandel, Ahmedabad, Indien; Eberhard Fischer",,"Kontext: Textilien: Die Sammlung Eberhard Fischer: Geschenk (Teil 1: 2009) an das Museum Rietberg Zürich, hrsg./übers.: Museum Rietberg Zürich; Autor/in: Fischer, Eberhard; Zürich, 2009",,,2009.160.jpg
2009.156,"Patolu, Doppel-Ikat Seidensari, vohra gaji bhat",Standardkünstler,"Indien, Gujarat, Patan",1. Hälfte 20. Jh.,Textilfläche: 403 x 103 cm,Seide und Zari-Faden (Silberfaden) / Doppel-Ikat,Sammlung Eberhard Fischer,Geschenk Eberhard und Barbara Fischer,"Eberhard Fischer; Kunsthandel, Ahmedabad, Indien",,"Kontext: Textilien: Die Sammlung Eberhard Fischer: Geschenk (Teil 1: 2009) an das Museum Rietberg Zürich, hrsg./übers.: Museum Rietberg Zürich; Autor/in: Fischer, Eberhard; Zürich, 2009",,,2009.156.jpg
2009.117,"Patolu, Doppel-Ikat Seidensari, nari kunjar bhat",Standardkünstler,"Indien, Gujarat",um 1900,Textilfläche: 380 x 134 cm,Seide und Zari-Faden (Silberfaden) / Doppel-Ikat,Sammlung Eberhard Fischer,Geschenk Eberhard und Barbara Fischer,"Eberhard Fischer; Kunsthandel, Ahmedabad, Indien",,"Kontext: Textilien: Die Sammlung Eberhard Fischer: Geschenk (Teil 1: 2009) an das Museum Rietberg Zürich, hrsg./übers.: Museum Rietberg Zürich; Autor/in: Fischer, Eberhard; Zürich, 2009",,,2009.117.jpg
2009.62,"Patolu, Doppel-Ikat Seidensari, pan bhat",Standardkünstler,"Indien, Gujarat",um 1900,Textilfläche: 350 x 125 cm,Seide / Doppel-Ikat,Sammlung Eberhard Fischer,Geschenk Eberhard und Barbara Fischer,"Eberhard Fischer; Kunsthandel, Ahmedabad, Indien",,"Kontext: Textilien: Die Sammlung Eberhard Fischer: Geschenk (Teil 1: 2009) an das Museum Rietberg Zürich, hrsg./übers.: Museum Rietberg Zürich; Autor/in: Fischer, Eberhard; Zürich, 2009",,,2009.62.jpg
2009.154,"Patolu, Fragment eines Doppel-Ikat Seidensaris, vohra gaji bhat",Standardkünstler,"Indien, Gujarat",um 1900,Textilfläche: 352 x 82 cm,Seide / Doppel-Ikat,Sammlung Eberhard Fischer,Geschenk Eberhard und Barbara Fischer,"Kunsthandel, Ahmedabad, Indien; Eberhard Fischer",,"Kontext: Textilien: Die Sammlung Eberhard Fischer: Geschenk (Teil 1: 2009) an das Museum Rietberg Zürich, hrsg./übers.: Museum Rietberg Zürich; Autor/in: Fischer, Eberhard; Zürich, 2009",,,2009.154.jpg
